display_name,emoji
,
,
,
,
Canned Ackee,ğŸ¥«
Dried Agar,ğŸ§«
Soaked Agar,ğŸ§«
Raw Alfalfa Sprouts,ğŸŒ±
Ground Allspice,ğŸŒ¶ï¸
Ground and Flaked Almonds,ğŸ¥œ
Toasted Almonds,ğŸ¥œ
Whole Almonds (in shell),ğŸ¥œ
Whole Almonds,ğŸ¥œ
Boiled Amaranth Leaves,ğŸ¥¬
Raw Amaranth Leaves,ğŸ¥¬
Amla,ğŸ›
Anise Seeds,ğŸ›
Unsweetened Apple Juice Concentrate,ğŸ
Apple Juice,ğŸ
Homemade Apple Sauce,ğŸ
Baked Cooking Apples with Sugar,ğŸ
Baked Cooking Apples with Sugar (with skin),ğŸ
Baked Cooking Apples,ğŸ
Baked Cooking Apples (with skin),ğŸ
Peeled Cooking Apples,ğŸ
Raw Cooking Apples,ğŸ
Stewed Cooking Apples with Sugar,ğŸ
Stewed Cooking Apples,ğŸ
Dried Eating Apples,ğŸ
Fresh Eating Apples,ğŸ
Whole Fresh Eating Apples,ğŸ
Dried Apricots,ğŸ‘
Stewed Dried Apricots with Sugar,ğŸ‘
Stewed Dried Apricots,ğŸ‘
Fresh Apricots,ğŸ‘
Whole Fresh Apricots,ğŸ‘
Semi-Dried Apricots,ğŸ‘
Stewed Apricots with Sugar,ğŸ‘
Whole Stewed Apricots with Sugar,ğŸ‘
Stewed Apricots,ğŸ‘
Whole Stewed Apricots,ğŸ‘
Boiled Arrowhead,ğŸ›
Raw Arrowhead,ğŸ›
Arrowroot,ğŸ›
Boiled Globe Artichoke (heart and leaves),ğŸ¥¬
Boiled Globe Artichoke,ğŸ¥¦
Raw Globe Artichoke,ğŸ¥¦
Boiled Jerusalem Artichoke,ğŸ¥¦
Asafoetida,ğŸ›
Grilled Asparagus,ğŸ¥¦
Raw Asparagus,ğŸ¥¦
Roasted Asparagus,ğŸ¥¦
Steamed Asparagus,ğŸ¥¦
Boiled Aubergine,ğŸ†
Roasted Aubergine,ğŸ†
Fried Aubergine in Corn Oil,ğŸ†
Fried Aubergine in Rapeseed Oil,ğŸ†
Raw Aubergine,ğŸ†
Lentil-Stuffed Aubergine,ğŸ†
Rice-Stuffed Aubergine,ğŸš
Fuerte Avocado,ğŸ¥‘
Whole Fuerte Avocado,ğŸ¥‘
Hass Avocado,ğŸ¥‘
Whole Hass Avocado,ğŸ¥‘
Raw Ayr,ğŸ›
Babaco,ğŸ›
Plain Bagels,ğŸ
Baked Beans in Barbecue Sauce,ğŸ«˜
Baked Beans in Tomato Sauce,ğŸ«˜
Reduced Sugar and Salt Baked Beans,ğŸ«˜
Hard Block Baking Fat,ğŸ§ˆ
Baking Powder,ğŸ›
Homemade Banana Bread,ğŸŒ
Homemade Banana Split,ğŸŒ
Bananas,ğŸŒ
Whole Bananas,ğŸŒ
Beremeal Bannocks,ğŸ›
Wheat Flour Bannocks,ğŸŒ¾
Barbecue Sauce,ğŸ›
Homemade Barbecue Sauce,ğŸ›
Barcelona Nuts,ğŸ¥œ
Whole Barcelona Nuts,ğŸ¥œ
Diluted Barley Water,ğŸŒ¾
Barley Water,ğŸŒ¾
Boiled Pearl Barley,ğŸŒ¾
Raw Pearl Barley,ğŸŒ¾
Dried Basil,ğŸ¥¬
Fresh Basil,ğŸ¥¬
Dried Bay Leaf,ğŸ¥¬
Homemade Bean Loaf,ğŸ«˜
Homemade Aduki Bean Burger,ğŸ”
Homemade Butter Bean Burger,ğŸ”
Red Kidney Bean Burger,ğŸ”
Soya Bean Burger,ğŸ”
Boiled Aduki Beans,ğŸ«˜
Raw Aduki Beans,ğŸ«˜
Raw Balor Beans,ğŸ«˜
Boiled Black-Eyed Beans,ğŸ«˜
Raw Blackeye Beans,ğŸ«˜
Raw Broad Beans,ğŸ«˜
Boiled Broad Beans,ğŸ«˜
Fresh Broad Beans,ğŸ«˜
Canned Butter Beans,ğŸ«˜
Boiled Butter Beans,ğŸ«˜
Raw Butter Beans,ğŸ«˜
Canned Cannellini Beans,ğŸ«˜
Canned Chickpeas,ğŸ«›
Boiled Split Kabuli Chickpeas,ğŸ«›
Raw Split Kabuli Chickpeas,ğŸ«›
Boiled Whole Kabuli Chickpeas,ğŸ«›
Raw Whole Kabuli Chickpeas,ğŸ«›
Fresh Cluster Beans,ğŸ«˜
Boiled Edamame,ğŸ«›
Boiled Green Beans,ğŸ«›
Fresh Green Beans,ğŸ«›
Canned Haricot Beans,ğŸ«˜
Boiled Haricot Beans,ğŸ«˜
Raw Haricot Beans,ğŸ«˜
Boiled Mung Bean Dahl,ğŸ«˜
Raw Mung Bean Dahl,ğŸ«˜
Boiled Whole Mung Beans,ğŸ«˜
Raw Whole Mung Beans,ğŸ«˜
Fresh Papri Beans,ğŸ«˜
Boiled Pigeon Pea Dahl,ğŸ«˜
Raw Pigeon Pea Dahl,ğŸ«˜
Boiled Whole Pigeon Peas,ğŸ«›
Raw Whole Pigeon Peas,ğŸ«›
Boiled Pinto Beans,ğŸ«˜
Raw Pinto Beans,ğŸ«˜
Refried Pinto Beans,ğŸ«˜
Canned Red Kidney Beans,ğŸ«˜
Boiled Red Kidney Beans,ğŸ«˜
Raw Red Kidney Beans,ğŸ«˜
Boiled Runner Beans,ğŸ«˜
Fresh Runner Beans,ğŸ«˜
Boiled Soya Beans,ğŸ«˜
Raw Soya Beans,ğŸ«˜
Fresh Sword Beans,ğŸ«˜
Boiled Mung Beansprouts,ğŸ«˜
Fresh Mung Beansprouts,ğŸ«˜
Stir-fried Mung Beansprouts,ğŸ«˜
"Beer, Standard Bitter (<4% ABV)",ğŸº
Premium Bitter Beer,ğŸº
Strong Bitter Beer (>5% ABV),ğŸº
Boiled Beetroot,ğŸŒ°
Pickled Beetroot,ğŸŒ°
Fresh Beetroot,ğŸŒ°
Fresh Bele,ğŸ›
Fresh Betel Leaves,ğŸ¥œ
Betel Nuts,ğŸ¥œ
Homemade Aubergine and Potato Bhaji,ğŸ¥”
"Homemade Mixed Vegetable Bhaji (Aubergine, Pea, Potato, Cauliflower)",ğŸ¥”
Homemade Cabbage and Pea Bhaji,ğŸ¥¬
Homemade Cabbage and Potato Bhaji,ğŸ¥”
Cabbage and Potato Bhaji,ğŸ¥”
Cabbage and Spinach Bhaji,ğŸ¥¬
Homemade Cabbage Bhaji,ğŸ¥¬
"Homemade Carrot, Potato and Pea Bhaji",ğŸ¥”
Homemade Cauliflower and Potato Bhaji,ğŸ¥”
Homemade Mixed Vegetable Bhaji with Cauliflower,ğŸ¥¦
Homemade Cauliflower Bhaji,ğŸ¥¦
Mixed Vegetable Bhaji with Cauliflower and Potato,ğŸ¥”
Green Bean Bhaji,ğŸ«›
Homemade Karela Bhaji,ğŸ›
Homemade Mushroom Bhaji,ğŸ„
Homemade Mustard Leaf and Spinach Bhaji,ğŸ¥¬
Homemade Mustard Leaf Bhaji,ğŸ¥¬
Homemade Bangladeshi Okra Bhaji,ğŸ¥’
Homemade Islami Okra Bhaji,ğŸ¥’
Homemade Pea Bhaji,ğŸ«›
Homemade Potato and Fenugreek Leaf Bhaji,ğŸ¥”
Homemade Potato and Green Pepper Bhaji,ğŸ¥”
Homemade Potato and Onion Bhaji,ğŸ¥”
"Homemade Potato, Onion and Mushroom Bhaji",ğŸ¥”
"Homemade Potato, Spinach and Cauliflower Bhaji",ğŸ¥”
Homemade Potato Bhaji,ğŸ¥”
Homemade Spinach and Potato Bhaji,ğŸ¥”
Homemade Spinach Bhaji,ğŸ¥¬
Homemade Turnip and Onion Bhaji,ğŸŒ°
Homemade Turnip Bhaji,ğŸŒ°
Punjabi Vegetable Bhaji,ğŸ¥¦
Homemade Mixed Vegetable Bhaji,ğŸ¥¦
Bicarbonate of Soda,ğŸ›
Plain Digestive Biscuits,ğŸª
Oat Digestive Biscuits,ğŸª
Ginger Nut Biscuits,ğŸ¥œ
Homemade Ginger Nut Biscuits,ğŸ¥œ
Iced Biscuits,ğŸª
Jam-Filled Biscuits,ğŸª
Homemade Melting Moments Biscuits,ğŸª
Homemade Plain Biscuits,ğŸª
Reduced-Fat Plain Biscuits,ğŸª
Semi-Sweet Biscuits,ğŸª
Sweet Shortbread Biscuits,ğŸª
Homemade Wholemeal Biscuits,ğŸª
Boiled Black Gram (Chilki Urad Dahl),ğŸ«˜
Raw Black Gram (Chilki Urad Dahl),ğŸ«˜
Boiled Black Gram (Duhli Urad Dahl),ğŸ«˜
Raw Black Gram (Duhli Urad Dahl),ğŸ«˜
Boiled Black Gram (Urad Gram),ğŸ«˜
Raw Black Gram (Urad Gram),ğŸ«˜
Fresh Blackberries,ğŸ‡
Stewed Blackberries with Sugar,ğŸ‡
Stewed Blackberries,ğŸ‡
Stewed Blackberry and Apple with Sugar,ğŸ‡
Stewed Blackberry and Apple,ğŸ‡
Diluted Blackcurrant Squash,ğŸ‡
Blackcurrant Squash Concentrate,ğŸ‡
Fresh Blackcurrants,ğŸ‡
Stewed Blackcurrants with Sugar,ğŸ‡
Stewed Blackcurrants,ğŸ‡
Homemade Blancmange,ğŸ›
Blueberries,ğŸ«
Bombay Mix,ğŸ›
Bounty Bar,ğŸ«
Wheat Bran,ğŸŒ¾
Homemade Brandy Snaps,ğŸ›
Brazil Nuts,ğŸ¥œ
Brazil Nuts in Shell,ğŸ¥œ
Homemade Bread Pudding,ğŸ
Brown Crusty Rolls,ğŸ
Soft Brown Rolls,ğŸ
Malted Wheat Rolls,ğŸŒ¾
White Crusty Rolls,ğŸ
Soft White Rolls,ğŸ
Wholemeal Rolls,ğŸ
Brown Bread,ğŸ
Toasted Brown Bread,ğŸ
Ciabatta Bread,ğŸ
Garlic and Herb Bread,ğŸ§„
Malted Fruit Bread,ğŸ
Malted Wheat Bread,ğŸŒ¾
Peshwari Naan,ğŸ
Plain Naan,ğŸ
White Pita Bread,ğŸ
Seeded Bread,ğŸ
Homemade White Soda Bread,ğŸ
Wheatgerm Bread,ğŸŒ¾
White Bread,ğŸ
White Crusty Bread,ğŸ
Danish White Bread,ğŸ
Farmhouse White Bread,ğŸ
French Baguette,ğŸ¥–
Premium White Bread,ğŸ
Sliced White Bread,ğŸ
Fried White Bread,ğŸ
Toasted White Bread,ğŸ
High-Fiber White Bread,ğŸ
Toasted High-Fiber White Bread,ğŸ
Wholemeal Bread,ğŸ
Toasted Wholemeal Bread,ğŸ
Boiled Breadfruit,ğŸ
Fresh Breadfruit,ğŸ
Dried Breadnut Seeds,ğŸ¥œ
Plain Breadsticks,ğŸ
Fortified Bran Flakes,ğŸ°
Fortified Bran Cereal,ğŸ°
Fortified Cornflakes,ğŸ°
Frosted Cornflakes,ğŸŒ½
Unfortified Cornflakes,ğŸ°
Crunchy Clusters Cereal,ğŸŒ¾
Crunchy Muesli with Nuts,ğŸ¥œ
Fortified Fruit and Fiber Cereal,ğŸ°
Plain Instant Oatmeal,ğŸŒ¾
Fortified Malted Flakes,ğŸ°
Fortified Malted Wheat Cereal,ğŸ°
Fortified Multigrain Hoops,ğŸ°
Puffed Wheat Cereal,ğŸŒ¾
Fortified Rice Crispies,ğŸš
Ricicles,ğŸš
Fruit Shredded Wheat,ğŸŒ¾
Shredded Wheat,ğŸŒ¾
Fortified Weetabix,ğŸ°
Unfortified Weetabix,ğŸ°
Boiled Green Broccoli,ğŸ¥¦
Steamed Green Broccoli,ğŸ¥¦
Fresh Green Broccoli,ğŸ¥¦
Steamed Green Broccoli,ğŸ¥¦
Boiled Purple Sprouting Broccoli,ğŸ¥¦
Fresh Purple Sprouting Broccoli,ğŸ¥¦
Brown Fruity Sauce,ğŸ
Reduced Sugar Brown Sauce,ğŸ›
Boiled Brussels Sprouts,ğŸŒ±
Fresh Brussels Sprouts,ğŸŒ±
Homemade Bubble and Squeak (Rapeseed Oil),ğŸ›
Homemade Bubble and Squeak (Sunflower Oil),ğŸ›
Buckwheat Groats,ğŸŒ¾
Boiled Cabbage,ğŸ¥¬
Fresh Cabbage,ğŸ¥¬
Fresh Chinese Cabbage,ğŸ¥¬
Boiled Green Cabbage,ğŸ¥¬
Fresh Green Cabbage,ğŸ¥¬
Boiled Red Cabbage,ğŸ¥¬
Red Cabbage with Apple,ğŸ¥¬
Fresh Red Cabbage,ğŸ¥¬
Boiled White Cabbage,ğŸ¥¬
Fresh White Cabbage,ğŸ¥¬
Cake Rusks,ğŸ°
Battenberg Cake,ğŸ°
Carrot Cake with Icing,ğŸ°
Homemade Carrot Cake with Topping,ğŸ°
Homemade Cherry Cake,ğŸ°
Homemade Coconut Cake,ğŸ°
Fruit Cake,ğŸ°
Homemade Rich Fruit Cake,ğŸ°
Homemade Rich Fruit Cake with Icing,ğŸ°
Homemade Wholemeal Fruit Cake,ğŸ°
Homemade Lardy Cake,ğŸ°
Loaf Cake,ğŸ°
Homemade Fatless Sponge Cake,ğŸ°
Homemade Sponge Cake,ğŸ°
Soft Iced Sponge Cake,ğŸ°
Homemade Swiss Roll,ğŸ
'Healthy Eating' Cakes,ğŸ°
Homemade Crispie Cakes,ğŸ°
Fancy Iced Individual Cakes,ğŸ°
Homemade Callaloo with Cho Cho,ğŸ¥”
Homemade Callaloo with Okra,ğŸ¥”
Homemade Spinach Cannelloni,ğŸ¥¬
Homemade Vegetable Cannelloni,ğŸ¥¦
Caraway Seeds,ğŸ›
Ground Cardamom,ğŸ›
Carrot Juice,ğŸ¥•
Boiled Mature Carrots,ğŸ¥•
Microwaved Mature Carrots,ğŸ¥•
Raw Mature Carrots,ğŸ¥•
Boiled Young Carrots,ğŸ¥•
Canned Young Carrots,ğŸ¥•
Raw Young Carrots,ğŸ¥•
Cashew Fruit,ğŸ¥œ
Plain Cashew Nuts,ğŸ¥œ
Roasted and Salted Cashew Nuts,ğŸ¥œ
Baked Cassava,ğŸ›
Boiled Cassava,ğŸ›
Raw Frozen Cassava,ğŸ§Š
Raw Cassava,ğŸ›
Steamed Cassava,ğŸ«–
Homemade Bean and Mixed Vegetable Casserole,ğŸ«˜
Homemade Bean and Root Vegetable Casserole,ğŸ«˜
Homemade Sweet Potato and Green Banana Casserole,ğŸ¥”
Homemade Vegetable Casserole,ğŸ¥¦
Homemade Cauliflower with Onions and Chili,ğŸ¥¦
Boiled Cauliflower,ğŸ¥¦
Raw Cauliflower,ğŸ¥¦
Boiled Celeriac,ğŸ¥¬
Raw Celeriac,ğŸ¥¬
Celery Seeds,ğŸ¥¦
Boiled Celery,ğŸ¥¦
Raw Celery,ğŸ¥¦
Chapatis with Fat,ğŸŒ¯
Plain Chapatis,ğŸŒ¯
Boiled Swiss Chard,ğŸ¥¦
Raw Swiss Chard,ğŸ¥¦
Homemade Chelsea Buns,ğŸ°
Fresh Cherries,ğŸ’
Fresh Cherries with Stones,ğŸ’
GlacÃ© Cherries,ğŸ’
Sweetened Stewed Cherries,ğŸ’
Sweetened Stewed Cherries with Stones,ğŸ’
Unsweetened Stewed Cherries,ğŸ’
Unsweetened Stewed Cherries with Stones,ğŸ’
West Indian Cherries,ğŸ’
Dried Chervil,ğŸ›
Dried Chestnuts,ğŸ¥œ
Raw Chestnuts,ğŸ¥œ
Raw Chestnuts in Shell,ğŸ¥œ
Homemade Chevda,ğŸ›
Boiled Pale Chicory,ğŸº
Raw Pale Chicory,ğŸº
Homemade Chili Con Carne,ğŸ›
Prepared Chili Con Carne,ğŸ›
Prepared Chili Con Carne with Rice,ğŸš
Chili Powder,ğŸŒ¶ï¸
Chili Sauce,ğŸŒ¶ï¸
Homemade Bean and Lentil Chili,ğŸ«˜
Homemade Quorn Chili,ğŸ›
Homemade Vegetable Chili,ğŸ¥¦
Chinese Five Spice,ğŸŒ¶ï¸
Fresh Chives,ğŸŒ±
Homemade Cho Cho Fritters,ğŸ¥Ÿ
Boiled Cho Cho,ğŸ›
Raw Cho Cho,ğŸ›
Homemade Choux Buns,ğŸ°
Homemade Apple Chutney,ğŸ
Sweet Mango Chutney,ğŸ›
Tomato Chutney,ğŸ…
Homemade Tomato Chutney,ğŸ…
Dry Cider,ğŸº
Low-Alcohol Cider,ğŸº
Strong Cider,ğŸº
Sweet Cider,ğŸº
Ground Cinnamon,ğŸ›
Easy-Peel Citrus Fruit,ğŸ‹
Whole Easy-Peel Citrus Fruit,ğŸ‹
Dried Cloves,ğŸŒ±
Homemade Coco Fritters,ğŸ¥Ÿ
Cocoa Powder,ğŸ«
Homemade Coconut Ice,ğŸ¥¥
Desiccated Coconut,ğŸ¥¥
Fresh Coconut,ğŸ¥¥
Coffee and Chicory Essence,â˜•
Cappuccino and Latte Coffee,â˜•
Regular Coffee,â˜•
Strong Coffee,â˜•
Weak Coffee,â˜•
Instant Coffee,â˜•
Irish Coffee,â˜•
Instant Coffee Powder,â˜•
Coffee Whitener Powder,â˜•
Cola,ğŸ¥¤
Diet Cola,ğŸ¥¤
"Dried Cole Leaves, Boiled",ğŸ¥¬
Coleslaw,ğŸ›
Light Coleslaw,ğŸ›
Homemade Coo-coo,ğŸ›
Compound Cooking Fat,ğŸ§ˆ
Dried Coriander,ğŸ¥¬
Fresh Coriander,ğŸ¥¬
Coriander Seeds,ğŸ¥¬
Homemade Corn Fritters,ğŸ¥Ÿ
Homemade Corn Pudding,ğŸŒ½
Corn Snacks,ğŸŒ½
Sifted Cornmeal,ğŸŒ½
Boiled Courgette,ğŸ¥’
Dried Courgette,ğŸ¥’
Fried Courgette in Corn Oil,ğŸŒ½
Fried Courgette in Rapeseed Oil,ğŸ¥’
Raw Courgette,ğŸ¥’
Roasted Courgette,ğŸ¥’
Cooked Couscous,ğŸ›
Raw Couscous,ğŸ›
Homemade Wholemeal Crackers,ğŸŒ¾
Cranberries,ğŸ«’
Cranberry Juice Drink,ğŸ«’
Homemade CrÃ¨me Caramel,ğŸ¯
Store-bought CrÃ¨me Caramel,ğŸ¯
Full-fat CrÃ¨me FraÃ®che,ğŸ§ˆ
Half-fat CrÃ¨me FraÃ®che,ğŸ§ˆ
Rye Crispbread,ğŸ
Croissants,ğŸ¥
Homemade Apple Crumble,ğŸ
Homemade Fruit Crumble,ğŸ
Store-bought Fruit Crumble,ğŸ
Homemade Wholemeal Fruit Crumble,ğŸ
Homemade Vegetable and Tomato Crumble,ğŸ¥¦
Homemade Wholemeal Vegetable and Tomato Crumble,ğŸ¥¦
Homemade Vegetable Crumble with White Sauce,ğŸ¥¦
Homemade Wholemeal Vegetable Crumble with White Sauce,ğŸ¥¦
Homemade Pie Filling Crumble,ğŸ¥§
Toasted Crumpets,ğŸ
Raw Cucumber,ğŸ¥’
Cumin Seeds,ğŸ›
Boiled Curly Kale,ğŸ¥¦
Raw Curly Kale,ğŸ¥¦
Currant Buns,ğŸ°
Toasted Currant Buns,ğŸ°
Currants,ğŸ›
Fresh Curry Leaves,ğŸ›
Curry Paste,ğŸ›
Curry Powder,ğŸ›
Mixed Curry Powder,ğŸ›
Homemade Almond Curry,ğŸ›
Homemade Bhindi Subji Curry,ğŸ›
Homemade Black Gram and Kidney Bean Curry,ğŸ›
Homemade Bengali Black Gram Curry,ğŸ›
Homemade Gujarati Black Gram Curry,ğŸ›
Homemade Black-eye Bean Curry,ğŸ›
Homemade Punjabi Black-eye Bean Curry,ğŸ›
Homemade Bombay Potato Curry,ğŸ¥”
Homemade Masala Cabbage Curry,ğŸ›
Homemade Cauliflower and Potato Curry,ğŸ¥”
Homemade Chickpea Dahl and Spinach Curry,ğŸ›
Homemade Chickpea Dhal Curry,ğŸ›
Homemade British-style Chickpea Curry,ğŸ›
Homemade Chickpea and Potato Curry,ğŸ¥”
Homemade Gujarati Chickpea and Tomato Curry,ğŸ›
Homemade Punjabi Chickpea and Tomato Curry,ğŸ›
Homemade Gujarati Chickpea Curry,ğŸ›
Homemade Courgette and Potato Curry,ğŸ¥”
Homemade Dudhi Kofta Curry,ğŸ›
Homemade Masala Green Bean Curry,ğŸ›
Homemade Karela Curry,ğŸ›
Homemade Red Lentil and Mung Bean Dahl Curry,ğŸ›
Homemade Punjabi Red Lentil and Tomato Curry,ğŸ›
Homemade Red Lentil and Tomato Curry,ğŸ›
Homemade British-style Red Lentil and Vegetable Curry,ğŸ›
"Homemade Red Lentil, Mung Bean and Tomato Curry",ğŸ›
Homemade Punjabi Red Lentil Curry,ğŸ›
Homemade Red Lentil Curry,ğŸ›
Homemade Gujarati Whole Lentil Curry,ğŸ›
Homemade Punjabi Whole Lentil Curry,ğŸ›
Homemade Mung Bean Dahl and Spinach Curry,ğŸ›
Homemade Mung Bean Dahl and Tomato Curry,ğŸ›
Homemade Bengali Mung Bean Dahl Curry,ğŸ›
Homemade Mung Bean and Turnip Greens Curry,ğŸ›
Homemade Gujarati Whole Mung Bean Curry,ğŸ›
Homemade Punjabi Whole Mung Bean Curry,ğŸ›
Homemade Pea and Potato Curry,ğŸ¥”
Homemade Pigeon Pea Dahl and Tomato Curry,ğŸ›
Pigeon Pea Dahl Curry with Tomatoes and Peanuts,ğŸ›
Pigeon Pea Dahl Curry,ğŸ›
Potato and Pea Curry,ğŸ¥”
Gujarati Potato Curry,ğŸ¥”
Punjabi Potato Curry,ğŸ¥”
Red Kidney and Mung Bean Curry,ğŸ›
Gujarati Red Kidney Bean Curry,ğŸ›
Punjabi Red Kidney Bean Curry,ğŸ›
Spinach and Potato Masala Curry,ğŸ¥”
Thai Stir-Fry Vegetable Curry,ğŸ›
Tinda Gourd and Potato Curry,ğŸ¥”
Mixed Vegetable Curry,ğŸ›
Sweet Vegetable Curry,ğŸ›
Islami Vegetable Curry,ğŸ›
Pakistani Vegetable Curry,ğŸ›
Ready-Made Vegetable Curry,ğŸ›
Vegetable Curry with Rice,ğŸš
West Indian Vegetable Curry,ğŸ›
Yogurt Vegetable Curry,ğŸ›
Custard Apple (Bullock's Heart),ğŸ
Custard Powder,ğŸ›
Confectioners' Custard,ğŸ›
Canned Custard,ğŸ¥«
Mixed Dahl,ğŸ«˜
Dal Dhokari,ğŸ›
Raw Damsons,ğŸ
Raw Damsons with Stones,ğŸ
Stewed Damsons with Sugar,ğŸ›
Stewed Damsons with Sugar and Stones,ğŸ›
Stewed Damsons,ğŸ›
Stewed Damsons with Stones,ğŸ›
Dried Dates,ğŸ‡
Dried Dates with Stones,ğŸ‡
Fresh Dates,ğŸ‡
Fresh Dates with Stones,ğŸ‡
Devilled Kidneys,ğŸ›
Dill Seeds,ğŸŒ±
Dried Dill,ğŸŒ±
Fresh Dill,ğŸŒ±
Vegetable Dosa Filling,ğŸ¥¦
Iced Ring Doughnuts,ğŸ¥¯
Jam Doughnuts,ğŸ¥¯
French Dressing,ğŸ›
Fat-Free French Dressing,ğŸ§ˆ
Homemade French Dressing,ğŸ›
Lemon and Oil Dressing,ğŸ‹
Thousand Island Dressing,ğŸ›
Yogurt Dressing,ğŸ›
Mixed Dried Fruit,ğŸ
Boiled Drumstick Leaves,ğŸ—
Raw Drumstick Leaves,ğŸ—
Boiled Drumstick Pods,ğŸ—
Raw Drumstick Pods,ğŸ—
Dumplings,ğŸ¥Ÿ
Durian,ğŸ›
Eccles Cakes,ğŸ°
Elderberries,ğŸ«’
Raw Endive,ğŸ›
Carbonated Energy Drink,ğŸ§ƒ
Homemade Falafel,ğŸ§†
Low-Fat Spread (26-39%),ğŸ§ˆ
Low-Fat Spread with Olive Oil (26-39%),ğŸ§ˆ
Low-Fat Polyunsaturated Spread (26-39%),ğŸ§ˆ
Reduced-Fat Spread (41-62%),ğŸ§ˆ
Reduced-Fat Spread with Olive Oil (41-62%),ğŸ§ˆ
Reduced-Fat Polyunsaturated Spread (41-62%),ğŸ§ˆ
Reduced-Fat Spread (62-75%),ğŸ§ˆ
Reduced-Fat Polyunsaturated Spread (62-75%),ğŸ§ˆ
Feijoa,ğŸ›
Fennel Seeds,ğŸ¥¬
Boiled Florence Fennel,ğŸ¥¬
Raw Florence Fennel,ğŸ¥¬
Raw Fenugreek Leaves,ğŸ¥¬
Fenugreek Seeds,ğŸ›
Fig Rolls,ğŸŒ°
Stewed Dried Figs with Sugar,ğŸŒ°
Stewed Dried Figs,ğŸŒ°
Semi-Dried Figs,ğŸŒ°
Dried Figs,ğŸŒ°
Fresh Green Figs,ğŸŒ°
Pastry Flan Case,ğŸ¥
Sponge Flan Case,ğŸ›
Lentil and Tomato Flan,ğŸ…
Wholemeal Lentil and Tomato Flan,ğŸ…
Fruit Pastry Flan,ğŸ¥
Spinach Flan,ğŸ¥¬
Wholemeal Spinach Flan,ğŸ¥¬
Fruit Sponge Flan,ğŸ
Vegetable Flan,ğŸ¥¦
Wholemeal Vegetable Flan,ğŸ¥¦
Flapjacks,ğŸŒ¾
Store-Bought Flapjacks,ğŸŒ¾
Brown Chapati Flour,ğŸŒ¯
White Chapati Flour,ğŸŒ¯
Corn Flour,ğŸŒ½
Gari (Cassava Flour),ğŸŒ¾
Gram Flour,ğŸ«˜
Foxtail Millet Flour,ğŸŒ¾
Rice Flour,ğŸš
Rye Flour,ğŸ›
Soya Flour,ğŸ«›
Strong White Bread Flour,ğŸ
Brown Wheat Flour,ğŸŒ¾
Strong Brown Bread Flour,ğŸ
Plain White Flour,ğŸŒ¾
Self-Raising White Flour,ğŸŒ¾
Wholemeal Flour,ğŸŒ¾
Strong Wholemeal Bread Flour,ğŸ
Self-Raising Wholemeal Flour,ğŸŒ¾
Children's Fruit Fromage Frais (Fortified),ğŸ°
Fat-Free Fruit Fromage Frais,ğŸ
Fat-Free Natural Fromage Frais,ğŸ¥›
Canned Fruit Cocktail in Juice,ğŸ
Canned Fruit Cocktail in Syrup,ğŸ
Homemade Fruit Fool,ğŸ
Fruit Gums,ğŸ
Sugar-Free Carbonated Fruit Drink,ğŸ
Carbonated Fruit Drink,ğŸ
Sugar-Free Fruit Drink,ğŸ
Diluted Fruit Squash,ğŸ
Diluted Sugar-Free Fruit Squash,ğŸ
Sugar-Free Fruit Squash Concentrate,ğŸ
Ready-to-Drink Fruit Squash,ğŸ
Fruit Squash Concentrate,ğŸ
Mixed Fruit Juice,ğŸ
Fruit Pastilles,ğŸ
Homemade Fruit Salad,ğŸ¥—
Homemade Fudge,ğŸ«
Sweet Potato Fufu,ğŸ¥”
Yam Fufu,ğŸ 
Gajjeralla,ğŸ›
Garam Masala,ğŸ›
Homemade Garlic Mushrooms,ğŸ§„
Garlic Powder,ğŸ§„
Raw Garlic,ğŸ§„
Frozen Fruit Gateau,ğŸ
Gelatine,ğŸ¥«
Vegetable Ghee,ğŸ¥¦
Pickled Gherkins,ğŸ¥’
Raw Gherkins,ğŸ¥’
Fresh Ginger,ğŸ«š
Ground Ginger,ğŸ«š
Homemade Gingerbread,ğŸ
Liquid Glucose,ğŸ›
Raw Cooking Gooseberries,ğŸ«’
Stewed Gooseberries with Sugar,ğŸ«’
Stewed Gooseberries (Unsweetened),ğŸ«’
Raw Dessert Gooseberries,ğŸ«’
Homemade Goulash,ğŸ›
Raw Ash Gourd,ğŸ
Raw Bottle Gourd,ğŸ
Raw Kantola Gourd,ğŸ
Raw Karela Gourd,ğŸ
Raw Ridge Gourd,ğŸ
Raw Snake Gourd,ğŸ
Raw Tinda Gourd,ğŸ¥«
Unsweetened Grape Juice,ğŸ‡
Unsweetened Grapefruit Juice,ğŸ‡
Canned Grapefruit in Juice,ğŸ‡
Fresh Grapefruit,ğŸ‡
Fresh Grapefruit (Unpeeled),ğŸ‡
Grapes,ğŸ‡
Grapes with Seeds,ğŸ‡
Green Grapes,ğŸ‡
Red Grapes,ğŸ‡
Gravy Granules,ğŸ›
Prepared Gravy,ğŸ›
Dried Green Beans,ğŸ«›
Fresh Greengages,ğŸ
Fresh Greengages (Unpitted),ğŸ
Stewed Greengages with Sugar,ğŸ
Stewed Greengages with Sugar (Unpitted),ğŸ
Stewed Greengages (Unpitted),ğŸ
Stewed Greengages,ğŸ
Grenadilla Pulp,ğŸ›
Homemade Guacamole,ğŸ¥‘
Fresh Guava,ğŸ‘
Whole Fresh Guava,ğŸ›
Homemade Gulab Jamun,ğŸ›
Store-Bought Gulab Jamun,ğŸ›
Homemade Carrot Halva,ğŸ¥•
Homemade Semolina Halva,ğŸ›
Hazelnuts,ğŸ¥œ
Hazelnuts in Shell,ğŸ¥œ
Diluted High Juice,ğŸ§ƒ
Sugar-Free High Juice Concentrate,ğŸ§ƒ
High Juice Concentrate,ğŸ§ƒ
Homemade Hollandaise Sauce,ğŸ›
Horlicks Powder,ğŸ›
Horseradish Sauce,ğŸ´
Fresh Horseradish,ğŸ´
Homemade Hot Cross Buns,ğŸ°
Hummus,ğŸ›
Store-Bought Iced Buns,ğŸ°
Homemade Fondant Icing,ğŸ°
Homemade GlacÃ© Icing,ğŸ°
Homemade Royal Icing,ğŸ°
Unfortified Malted Drink Powder,ğŸ°
Fresh Jackfruit,ğŸ
Jaffa Cakes,ğŸ°
Jam Tarts,ğŸ“
Mixed Fruit Jam with Seeds,ğŸ“
Reduced Sugar Jam,ğŸ“
Stone Fruit Jam,ğŸ“
Jambu Fruit,ğŸ
Homemade Jellabi,ğŸ¥®
Plain Jelly,ğŸ¥®
Sugar-Free Jelly,ğŸ¥®
Jujube,ğŸ›
Raw Kalabasu,ğŸ›
Raw Katla,ğŸ›
Khadhi,ğŸ›
Khatiyu,ğŸ›
Khichadi with Oil,ğŸ›
Kiwi Fruit,ğŸ¥
Kiwi Fruit,ğŸ¥
Homemade Knickerbocker Glory,ğŸ›
Boiled Kohlrabi,ğŸ›
Raw Kohlrabi,ğŸ›
Homemade Kulfi,ğŸ›
Fresh Kumquats,ğŸŠ
Alcohol-Free Lager,ğŸº
Extra Strong Lager,ğŸº
Low-Alcohol Lager,ğŸº
Premium Lager,ğŸº
Standard Lager,ğŸº
Homemade Lasagne,ğŸ›
Retail Lasagne,ğŸ›
Wholemeal Spinach Lasagne,ğŸ¥¬
Retail Vegetable Lasagne,ğŸ¥¦
Wholemeal Vegetable Lasagne,ğŸ¥¦
Sweet Lassi,ğŸ›
Laverbread,ğŸ
Boiled Leeks,ğŸ¥¬
Raw Leeks,ğŸ¥¬
Roasted Leeks,ğŸ¥¬
Lemon Curd,ğŸ‹
Homemade Lemon Curd,ğŸ‹
Fresh Lemon Juice,ğŸ‹
Fresh Lemon,ğŸ‹
Lemon Peel,ğŸ‹
Lemonade,ğŸ‹
Homemade Lemonade,ğŸ‹
Fresh Lemon,ğŸ‹
Fresh Lemon,ğŸ‹
Whole Lemon,ğŸ‹
Homemade Lentil and Nut Roast,ğŸ¥œ
Homemade Lentil and Potato Pie,ğŸ¥”
Homemade Lentil and Rice Roast,ğŸš
Fried Lentil Cutlets,ğŸ›
Homemade Lentil Pie,ğŸ¥§
Homemade Lentil Roast,ğŸ›
Boiled Green and Brown Lentils,ğŸ«˜
Raw Green and Brown Lentils,ğŸ«˜
Boiled Red Lentils,ğŸ«˜
Raw Red Lentils,ğŸ«˜
Fresh Lettuce,ğŸ¥¬
Diluted Lime Cordial,ğŸ‹
Lime Cordial,ğŸ‹
Fresh Lime Juice,ğŸ‹
Fresh Lime,ğŸ‹
Fresh Lime,ğŸ‹
High-Strength Liqueurs,ğŸ¶
Low-Medium Strength Liqueurs,ğŸ¶
Liquorice Allsorts,ğŸš
Liquorice Powder,ğŸš
Fresh Loganberries,ğŸ«’
Stewed Loganberries with Sugar,ğŸ«’
Stewed Loganberries,ğŸ«’
Fruit Juice Lollies,ğŸ
Canned Longans,ğŸ¥«
Canned Longans in Syrup,ğŸ¥«
Dried Longans,ğŸ›
Fresh Loquats,ğŸ›
Raw Lotus Tubers,ğŸ›
Lucozade,ğŸ§ƒ
Fresh Lychees,ğŸ›
Fresh Lychees,ğŸ›
Salted Macadamia Nuts,ğŸ¥œ
Homemade Macaroon,ğŸ›
Ground Mace,ğŸ›
Maltesers,ğŸ›
Mammie Apple,ğŸ
Canned Mandarin Oranges,ğŸŠ
Green Mango,ğŸ›
Ripe Mango,ğŸ›
Fresh Mango,ğŸ›
Fresh Mangosteen,ğŸ›
Dried Marjoram,ğŸ›
Marmalade,ğŸ›
Boiled Marrow,ğŸ›
Raw Parwal Marrow,ğŸ›
Raw Marrow,ğŸ›
Mars Bar,ğŸ›
Marshmallows,ğŸ›
Homemade Marzipan,ğŸ›
Retail Marzipan,ğŸ›
Boiled Matoki,ğŸ›
Raw Matoki,ğŸ›
Homemade Mayonnaise,ğŸ›
Light Mayonnaise,ğŸ›
Regular Mayonnaise,ğŸ›
Mchicha,ğŸ›
Medlar Fruit,ğŸ
Melon Seeds,ğŸˆ
Cantaloupe Melon,ğŸˆ
Cantaloupe Melon (whole),ğŸˆ
Cantaloupe Melon (with skin),ğŸˆ
Mixed Melon,ğŸˆ
Mixed Melon (whole),ğŸˆ
Mixed Melon (with skin),ğŸˆ
Galia Melon,ğŸˆ
Galia Melon (whole),ğŸˆ
Galia Melon (with skin),ğŸˆ
Watermelon,ğŸ‰
Watermelon (whole),ğŸ‰
Yellow Melon,ğŸˆ
Meringue (homemade),ğŸ›
Methi Aloo,ğŸ¥”
Mince Pies (homemade),ğŸ¥§
Mince Pies,ğŸ¥§
Vegetarian Mincemeat (homemade),ğŸ¥¦
Toasted Mini Breads,ğŸ
Mint Sauce,ğŸŒ±
Mint Sauce (homemade),ğŸŒ±
Dried Mint,ğŸŒ±
Fresh Mint,ğŸŒ±
Mixed Curry Spices,ğŸŒ¶ï¸
Dried Mixed Herbs,ğŸŒ±
Molasses,ğŸ›
Mooli Paratha,ğŸ›
Vegetable Moussaka (homemade),ğŸ¥¦
Vegetable Moussaka,ğŸ¥¦
Fruit Mousse,ğŸ
Sugar-Free Swiss Muesli,ğŸ›
Swiss Muesli,ğŸ›
Bran Muffins (homemade),ğŸ
English Muffins,ğŸ
Toasted English Muffins,ğŸ
Raw Mulberries,ğŸ«’
Sweetened Stewed Mulberries,ğŸ«’
Stewed Mulberries,ğŸ«’
Dried Mushrooms,ğŸ„
Dried Chinese Mushrooms,ğŸ„
Dried Wood Ear Mushrooms (tender),ğŸ„
"Raw Wood Ear Mushrooms (tender, soaked)",ğŸ„
Dried Wood Ear Mushrooms (tough),ğŸ„
"Raw Wood Ear Mushrooms (tough, soaked)",ğŸ„
Raw Oyster Mushrooms,ğŸ„
Cooked Shiitake Mushrooms,ğŸ„
Dried Shiitake Mushrooms,ğŸ„
White Mushrooms (corn oil fried),ğŸ„
White Mushrooms (rapeseed oil fried),ğŸ„
Raw White Mushrooms,ğŸ„
Boiled White Mushrooms,ğŸ„
Raw Mustard and Cress,ğŸ›
Boiled Mustard Leaves,ğŸ¥¬
Raw Mustard Leaves,ğŸ¥¬
Mustard Powder,ğŸ›
Mustard Seeds,ğŸ›
Prepared Mustard Powder,ğŸ›
Smooth Mustard,ğŸ›
Whole Grain Mustard,ğŸŒ¾
Fresh Nectarines,ğŸ‘
Fresh Nectarines (with stones),ğŸ‘
Rice Noodles,ğŸœ
Nougat (homemade),ğŸ›
Mixed Nut and Rice Roast,ğŸ¥œ
Mixed Nut and Sunflower Seed Roast,ğŸ¥œ
Mixed Nut and Vegetable Roast,ğŸ¥œ
Nut Croquettes (sunflower oil fried),ğŸ¥œ
Nut Croquettes (vegetable oil fried),ğŸ¥œ
Nut Cutlets (sunflower oil fried),ğŸ¥œ
Nut Cutlets (vegetable oil fried),ğŸ¥œ
Grilled Nut Cutlets,ğŸ¥œ
Nut Roast,ğŸ¥œ
"Nut, Mushroom and Rice Roast",ğŸ¥œ
Ground Nutmeg,ğŸ¥œ
Mixed Nuts,ğŸ¥œ
Oatcakes (homemade),ğŸ°
Oatcakes,ğŸ°
Coconut Oil,ğŸ¥¥
Cod Liver Oil,ğŸŸ
Corn Oil,ğŸŒ½
Cottonseed Oil,â˜ï¸
Evening Primrose Oil,ğŸŒ¹
Grapeseed Oil,ğŸ‡
Hazelnut Oil,ğŸ¥œ
Olive Oil,ğŸ«’
Palm Oil,ğŸŒ´
Peanut Oil,ğŸ¥œ
Rapeseed Oil,ğŸ³
Safflower Oil,ğŸ³
Sesame Oil,ğŸ³
Soya Oil,ğŸ«›
Sunflower Oil,ğŸŒ»
Vegetable Oil,ğŸ¥¦
Walnut Oil,ğŸ¥œ
Wheatgerm Oil,ğŸŒ¾
Greek-Style Okra with Tomatoes and Onions,ğŸ¥’
West Indian Okra with Tomatoes and Onion,ğŸ¥’
Boiled Okra,ğŸ¥’
Raw Okra,ğŸ¥’
Stir-Fried Okra,ğŸ¥’
Green Olives,ğŸ«’
Green Olives with Stones,ğŸ«’
Curried Omelette,ğŸ›
Plain Omelette,ğŸ³
Spanish Omelette,ğŸ³
Baked Onions,ğŸ§…
Boiled Onions,ğŸ§…
Dried Onions,ğŸ§…
Fried Onions (Corn Oil),ğŸ§…
Fried Onions (Lard),ğŸ§…
Fried Onions (Rapeseed Oil),ğŸ§…
Fried Onions (Sunflower Oil),ğŸ§…
Pickled Onions,ğŸ¥’
Raw Onions,ğŸ§…
Ambient Orange Juice,ğŸŠ
Chilled Orange Juice,ğŸŠ
Fresh Orange Juice,ğŸŠ
Fresh Oranges (for Juicing),ğŸŠ
Orange Roughy,ğŸŠ
Orange Segments,ğŸŠ
Whole Oranges,ğŸŠ
Dried Oregano,ğŸŒ±
Fresh Oregano,ğŸŒ±
Ortanique Segments,ğŸ›
Steamed Pak Choi,ğŸ«–
Restaurant Vegetable Pakora,ğŸ¥¦
Aubergine Pakora,ğŸ†
Cauliflower Pakora,ğŸ¥¦
Onion Pakora,ğŸ§…
Potato and Cauliflower Pakora,ğŸ¥”
"Mixed Vegetable Pakora (Potato, Carrot and Pea)",ğŸ¥”
Potato Pakora,ğŸ¥”
Spinach Pakora,ğŸ¥¬
Store-Bought Vegetable Pakora,ğŸ¥¦
Homemade Pakoras,ğŸ›
Vegetable Stuffed Pancakes,ğŸ¥
Wholemeal Vegetable Stuffed Pancakes,ğŸ¥
Papadums,ğŸ›
Fresh Papaya,ğŸŠ
Whole Papaya,ğŸŠ
Green Papaya,ğŸŠ
Paprika,ğŸ›
Paratha,ğŸ›
Dried Parsley,ğŸŒ±
Fresh Parsley,ğŸŒ±
Boiled Parsnip,ğŸ¥•
Raw Parsnip,ğŸ¥•
Roasted Parsnip,ğŸ¥•
Passion Fruit Juice,ğŸ
Passion Fruit Pulp,ğŸ
Whole Passion Fruit,ğŸ
Dried Pasta and Sauce Mix,ğŸ
Flavored Dried Pasta,ğŸ
Fresh Cooked Pasta,ğŸ
Canned Spaghetti in Tomato Sauce,ğŸ
White Fusilli Pasta (Unsalted),ğŸ
White Pasta (Boiled),ğŸ
Dried White Pasta,ğŸ
White Spaghetti (Unsalted),ğŸ
White Fusilli Pasta (Salted),ğŸ
Wholewheat Spaghetti,ğŸ
Dried Wholewheat Spaghetti,ğŸ
Asian Pastries,ğŸ¥
Danish Pastries,ğŸ¥
Baklava,ğŸ¥
Cooked Choux Pastry,ğŸ¥
Uncooked Choux Pastry,ğŸ¥
Cooked Filo Pastry,ğŸ¥
Uncooked Filo Pastry,ğŸ¥
Cooked Flaky Pastry,ğŸ¥
Uncooked Flaky Pastry,ğŸ¥
Cooked Puff Pastry,ğŸ¥
Uncooked Puff Pastry,ğŸ¥
Cooked Shortcrust Pastry,ğŸ¥
Store-Bought Shortcrust Pastry (Cooked),ğŸ¥
Store-Bought Shortcrust Pastry (Uncooked),ğŸ¥
Uncooked Shortcrust Pastry,ğŸ¥
Cooked Wholemeal Pastry,ğŸ¥
Uncooked Wholemeal Pastry,ğŸ¥
Vegetable Pasty,ğŸ¥Ÿ
Wholemeal Vegetable Pasty,ğŸ¥Ÿ
Raw Patra Leaves,ğŸ¥¬
Peach Melba,ğŸ‘
Canned Peaches in Juice,ğŸ‘
Canned Peaches in Syrup,ğŸ‘
Whole Peaches,ğŸ‘
Fresh Peaches,ğŸ‘
Peanut Brittle,ğŸ¥œ
Mixed Peanuts and Raisins,ğŸ¥œ
Dry Roasted Peanuts,ğŸ¥œ
Plain Unsalted Peanuts,ğŸ¥œ
Whole Peanuts (in Shell),ğŸ¥œ
Roasted and Salted Peanuts,ğŸ¥œ
Whole Pears,ğŸ
Fresh Pear Segments,ğŸ
Stewed Pears with Sugar,ğŸ
Stewed Pears,ğŸ
Canned Pears in Juice,ğŸ
Dried Pears,ğŸ
Raw Nashi Pears,ğŸ
Raw Nashi Pears (with core),ğŸ
Fresh Pears,ğŸ
Fresh Pears (peeled),ğŸ
Boiled Peas,ğŸ«›
Canned Peas,ğŸ«›
Boiled Dried Peas,ğŸ«›
Raw Dried Peas,ğŸ«›
Boiled Frozen Peas,ğŸ«›
Microwaved Frozen Peas,ğŸ«›
Frozen Peas,ğŸ«›
Boiled Mange-tout Peas,ğŸ«›
Raw Mange-tout Peas,ğŸ«›
Stir-fried Mange-tout Peas,ğŸ«›
Canned Marrowfat Peas,ğŸ«›
Mushy Peas,ğŸ«›
Raw Peas,ğŸ«›
Boiled Split Peas,ğŸ«›
Raw Split Peas,ğŸ«›
Boiled Sugar-snap Peas,ğŸ«›
Raw Sugar-snap Peas,ğŸ«›
Pecan Nuts,ğŸ¥œ
Pecan Nuts (with shells),ğŸ¥œ
Mixed Peel,ğŸ›
Black Pepper,ğŸŒ¶ï¸
Boiled Red Bell Pepper,ğŸŒ¶ï¸
Fresh Red Bell Pepper,ğŸŒ¶ï¸
Boiled Yellow Bell Pepper,ğŸŒ¶ï¸
Fresh Yellow Bell Pepper,ğŸŒ¶ï¸
Ground Cayenne Pepper,ğŸŒ¶ï¸
White Pepper,ğŸŒ¶ï¸
Peppermints,ğŸŒ¶ï¸
Fresh Green Chili Peppers,ğŸŒ¶ï¸
Fresh Red Chili Peppers,ğŸŒ¶ï¸
Boiled Green Bell Pepper,ğŸŒ¶ï¸
Fresh Green Bell Pepper,ğŸŒ¶ï¸
Stuffed Green Peppers with Rice,ğŸš
Homemade Pesto Sauce,ğŸ›
Green Pesto,ğŸ›
Red Pesto,ğŸ›
Physalis,ğŸ›
Piccalilli,ğŸ›
Sweet Pickle,ğŸ¥’
Homemade Apple Pie (single crust),ğŸ¥§
Homemade Apple Pie (double crust),ğŸ¥§
Deep Filled Apple Pie,ğŸ¥§
Store-bought Apple Pie,ğŸ¥§
Homemade Wholemeal Apple Pie (single crust),ğŸ¥§
Homemade Wholemeal Apple Pie (double crust),ğŸ¥§
Banoffee Pie,ğŸ¥§
Individual Fruit Pie,ğŸ¥§
Homemade Fruit Pie (single crust),ğŸ¥§
Homemade Blackcurrant Pie,ğŸ¥§
Homemade Fruit Pie (double crust),ğŸ¥§
Homemade Wholemeal Fruit Pie (single crust),ğŸ¥§
Homemade Wholemeal Blackcurrant Pie,ğŸ¥§
Homemade Wholemeal Fruit Pie (double crust),ğŸ¥§
Homemade Wholemeal Fruit Pie with Filling,ğŸ¥§
Homemade Fruit Pie with Filling,ğŸ¥§
Lemon Meringue Pie,ğŸ¥§
Quorn and Vegetable Pie,ğŸ¥§
Homemade Spinach Pie,ğŸ¥§
Homemade Vegetable Pie,ğŸ¥§
Homemade Wholemeal Vegetable Pie,ğŸ¥§
Rice Pilaf with Spinach,ğŸš
Rice Pilaf with Tomato,ğŸš
Mushroom Pilau,ğŸ„
Vegetable Pilau,ğŸ¥¦
Pine Nuts,ğŸ¥œ
Unsweetened Pineapple Juice,ğŸ
Canned Pineapple in Juice,ğŸ
Canned Pineapple in Syrup,ğŸ
Dried Pineapple,ğŸ
Fresh Pineapple,ğŸ
Fresh Pineapple (with skin),ğŸ
Pinni,ğŸ›
Roasted Salted Pistachios,ğŸ¥œ
Roasted Salted Pistachios (with shells),ğŸ¥œ
Pizza Base,ğŸ•
Homemade Tomato Pizza,ğŸ•
Vegetarian Pizza,ğŸ•
Boiled Plantain,ğŸ›
Raw Green Plantain,ğŸ›
Fried Ripe Plantain,ğŸ›
Stewed Plums with Sugar,ğŸ‘
Stewed Plums,ğŸ‘
Stewed Plums (with stones),ğŸ‘
Stewed Plums with Sugar,ğŸ‘
Fresh Dessert Plums,ğŸ‘
Fresh Dessert Plums (with stones),ğŸ‘
Fresh Victoria Plums,ğŸ‘
Fresh Victoria Plums (with stones),ğŸ‘
Stewed Victoria Plums,ğŸ‘
Stewed Victoria Plums (with stones),ğŸ‘
Fresh Yellow Plums,ğŸ‘
Fresh Yellow Plums (with stones),ğŸ‘
Polenta,ğŸ›
Baked Alaskan Pollock,ğŸŸ
Pomegranate Juice Drink,ğŸ‘
Pomegranate,ğŸ‘
Fresh Pomegranate,ğŸ‘
Pomelo,ğŸ›
Fresh Pomelo,ğŸ›
Raw Black Pomfret,ğŸ›
Raw White Pomfret,ğŸ›
Candied Popcorn,ğŸ¿
Salted Popcorn,ğŸ¿
Poppy Seeds,ğŸ«˜
Plain Porridge Oats,ğŸŒ¾
Water Porridge,ğŸ›
Port Wine,ğŸ·
Pot Savouries,ğŸ²
Prepared Pot Savouries,ğŸ²
Fried Potato Cakes,ğŸ¥”
Crinkle Cut French Fries,ğŸŸ
Fast Food French Fries,ğŸŸ
Fine Cut French Fries,ğŸŸ
Corn Oil French Fries,ğŸŸ
Beef Dripping French Fries,ğŸŸ
Takeaway Chip Shop Fries,ğŸŸ
Palm Oil Chip Shop Fries,ğŸŸ
Rapeseed Oil Chip Shop Fries,ğŸŸ
Homemade Corn Oil French Fries,ğŸŸ
Homemade Beef Dripping French Fries,ğŸŸ
Homemade Rapeseed Oil French Fries,ğŸŸ
Homemade Sunflower Oil French Fries,ğŸŸ
Microwave French Fries,ğŸŸ
Baked French Fries,ğŸŸ
Battered Baked French Fries,ğŸŸ
Straight Cut French Fries,ğŸŸ
Straight Cut Corn Oil French Fries,ğŸŸ
Straight Cut Beef Dripping French Fries,ğŸŸ
Thick Cut Corn Oil French Fries,ğŸŸ
Sunflower Oil Potato Crisps,ğŸ¥”
Low Fat Potato Crisps,ğŸ¥”
Fried Potato Croquettes,ğŸ¥”
Instant Mashed Potatoes,ğŸ¥”
Raw Instant Potato Powder,ğŸ¥”
Baked Shaped Potato Products,ğŸ¥”
Potato Rings,ğŸ¥”
Pringles-Style Potato Crisps,ğŸ¥”
Cooked Potato Wedges,ğŸŸ
"Potato, Leek and Celery Bake",ğŸ¥”
Duchesse Potatoes,ğŸ¥”
Boiled New Potatoes with Skin,ğŸ¥”
Unsalted Boiled New Potatoes,ğŸ¥”
Raw New Potatoes,ğŸ¥”
Roasted New Potatoes,ğŸ¥”
Baked Potato with Skin,ğŸ¥”
Baked Potato,ğŸ¥”
Fresh Baked Potato,ğŸ¥”
Boiled Potatoes,ğŸ¥”
Plain Boiled Potatoes,ğŸ¥”
Reduced Fat Mashed Potatoes,ğŸ¥”
Microwaved Potato with Skin,ğŸ¥”
Homemade Sunflower Oil Potato Wedges,ğŸŸ
Raw Potatoes,ğŸ¥”
Corn Oil Roast Potatoes,ğŸ¥”
Lard Roast Potatoes,ğŸ¥”
Rapeseed Oil Roast Potatoes,ğŸ¥”
Sunflower Oil Roast Potatoes,ğŸ¥”
Homemade Rapeseed Oil Potato Wedges,ğŸŸ
Mixed Spirit Drinks,ğŸ¶
Prickly Pears,ğŸ«›
Frozen Profiteroles with Sauce,ğŸ§Š
Prune Juice,ğŸ§ƒ
Canned Prunes in Juice,ğŸ¥«
Prunes,ğŸ‡
Sweetened Stewed Prunes,ğŸ‡
Fresh Stewed Prunes with Sugar,ğŸ‡
Plain Stewed Prunes,ğŸ‡
Fresh Stewed Prunes,ğŸ‡
Fresh Prunes,ğŸ‡
Semi-Dried Prunes,ğŸ‡
Fresh Semi-Dried Prunes,ğŸ‡
Homemade Christmas Pudding,ğŸ¥®
Traditional Christmas Pudding,ğŸ¥®
Homemade Eve's Pudding,ğŸ¥®
Homemade Queen of Puddings,ğŸ¥®
Canned Rice Pudding,ğŸš
Low Fat Rice Pudding,ğŸš
Canned Sponge Pudding,ğŸ¥«
Homemade Sponge Pudding,ğŸ¥®
Fruit Sponge Pudding,ğŸ
Jam or Treacle Sponge Pudding,ğŸ¥®
Homemade Spotted Dick,ğŸ²
Homemade Suet Pudding,ğŸ›
Pumpkin Seeds,ğŸƒ
Boiled Pumpkin,ğŸƒ
Raw Pumpkin,ğŸƒ
Homemade Puri,ğŸ›
Homemade Mushroom Quiche,ğŸ¥§
Homemade Wholemeal Mushroom Quiche,ğŸ¥§
Store-Bought Vegetable Quiche,ğŸ¥§
Fresh Quince,ğŸ
Raw Quinoa,ğŸ«˜
Quorn Korma,ğŸ›
Quorn Pieces,ğŸ›
Raw Radicchio,ğŸ¥¬
Raw Radish Leaves,ğŸ¥¬
Red Radish,ğŸŒ°
White Radish (Mooli),ğŸ›
Raisins,ğŸ‡
Raita,ğŸ›
Gram Flour Raita,ğŸ«˜
Rambutan,ğŸ›
Raw Rape Leaves,ğŸ¥¬
Fresh Raspberries,ğŸ«’
Stewed Raspberries with Sugar,ğŸ«’
Stewed Raspberries,ğŸ«’
Homemade Ratatouille,ğŸ›
Red Pea Loaf,ğŸ«›
Boiled Red Rice,ğŸš
Fresh Redcurrants,ğŸ‡
Stewed Redcurrants with Sugar,ğŸ‡
Stewed Redcurrants,ğŸ‡
Refried Beans,ğŸ«˜
Mixed Vegetable Relish,ğŸ¥¦
Tomato Relish,ğŸ…
Fresh Rhubarb,ğŸ›
Stewed Rhubarb with Sugar,ğŸ›
Stewed Rhubarb,ğŸ›
Rice with Black-Eye Beans,ğŸš
Brown Rice with Black-Eye Beans,ğŸš
Rice with Pigeon Peas,ğŸš
Brown Rice with Pigeon Peas,ğŸš
Rice with Red Kidney Beans,ğŸš
Brown Rice with Red Kidney Beans,ğŸš
Rice with Split Peas,ğŸš
Brown Rice with Split Peas,ğŸš
Boiled Brown Basmati Rice,ğŸš
Brown Basmati Rice,ğŸš
Boiled Easy-Cook Brown Rice,ğŸš
Easy-Cook Brown Rice,ğŸš
Boiled Brown Rice,ğŸš
Brown Rice,ğŸš
Plain Pilau Rice,ğŸš
Plain Reheated Rice,ğŸš
Red Rice,ğŸš
Boiled Thai Fragrant Rice,ğŸš
Thai Fragrant Rice,ğŸš
Boiled Basmati Rice,ğŸš
Boiled Easy-Cook Basmati Rice,ğŸš
Easy-Cook Basmati Rice,ğŸš
Basmati Rice,ğŸš
Boiled Arborio Rice,ğŸš
Arborio Rice,ğŸš
Boiled Long Grain Rice,ğŸš
Boiled Easy-Cook Long Grain Rice,ğŸš
Easy-Cook Long Grain Rice,ğŸš
Long Grain Rice,ğŸš
Pudding Rice,ğŸš
Boiled Wild Rice,ğŸš
Wild Rice,ğŸš
Plain Risotto,ğŸš
Brown Rice Vegetable Risotto,ğŸš
Vegetable Risotto,ğŸ¥¦
Brown Rice Rissoles (Sunflower Oil),ğŸš
Brown Rice Rissoles (Vegetable Oil),ğŸš
Chickpea Rissoles (Sunflower Oil),ğŸ«›
Chickpea Rissoles (Vegetable Oil),ğŸ¥¦
Lentil Rissoles (Sunflower Oil),ğŸŸ
Lentil Rissoles (Vegetable Oil),ğŸ¥¦
Vegetable Rissoles (Sunflower Oil),ğŸ¥¦
Vegetable Rissoles (Vegetable Oil),ğŸ¥¦
Rock Cakes,ğŸ°
Fresh Rocket,ğŸ¥¬
Dried Rosemary,ğŸŒ±
Fresh Rosemary,ğŸŒ±
Spinach Roulade,ğŸ¥¬
Rum Baba,ğŸ›
Rusks,ğŸ›
Saag,ğŸ›
Saffron,ğŸ›
Ground Sage,ğŸŒ±
Fresh Sage,ğŸŒ±
Sago,ğŸ›
Beetroot and Onion Salad,ğŸ¥—
Greek Salad,ğŸ¥—
Green Salad,ğŸ¥—
Pasta Salad with Vegetables,ğŸ
French-Dressed Potato Salad,ğŸ¥—
Potato Salad with Mayonnaise,ğŸ¥—
Store-Bought Potato Salad,ğŸ¥—
Brown Rice Salad,ğŸ¥—
Rice Salad,ğŸ¥—
Tomato and Onion Salad,ğŸ¥—
Waldorf Salad,ğŸ¥—
Wholemeal Pasta Salad,ğŸ
Boiled Salsify,ğŸ›
Fresh Salsify,ğŸ›
Salt,ğŸ§‚
Sambar,ğŸ›
Vegetable Samosas,ğŸ¥¦
Ham Salad Sandwich,ğŸ¥ª
Sapodilla,ğŸ›
Sweet and Sour Sauce,ğŸ›
Chinese Stir Fry Sauce,ğŸœ
Curry Sauce with Onion,ğŸ›
Sweet Curry Sauce,ğŸ›
Tomato and Onion Curry Sauce,ğŸ›
Dry Casserole Mix,ğŸ›
Prepared Casserole Sauce,ğŸ›
Duck Ã  l'Orange Sauce,ğŸ—
Korma/Tikka Masala Sauce,ğŸ›
Carbonara Sauce,ğŸ›
Bolognese Sauce,ğŸ
Napoletana Sauce,ğŸ›
Light Tomato Pasta Sauce,ğŸ
Vegetable Pasta Sauce,ğŸ
White Sauce with Ham and Mushrooms,ğŸ–
Takeaway Sweet and Sour Sauce,ğŸ›
Tomato and Mushroom Sauce,ğŸ…
Tomato Sauce,ğŸ…
Traditional Tomato Cooking Sauce,ğŸ…
Traditional White Cooking Sauce,ğŸ›
Indian Cooking Sauces,ğŸ›
Sauerkraut,ğŸ›
Vegetarian Sausages,ğŸ–
Store-Bought Fruit Scones,ğŸ
Wholemeal Fruit Scones,ğŸ
Plain Scones,ğŸ›
Store-Bought Plain Scones,ğŸ›
Potato Scones,ğŸ¥”
Wholemeal Scones,ğŸ›
Scotch Broth,ğŸ›
Scotch Pancakes,ğŸ¥
Store-Bought Scotch Pancakes,ğŸ¥
Boiled Seakale,ğŸ¥¦
Irish Moss Seaweed,ğŸ¥¬
Dried Kombu,ğŸ¥¬
Dried Nori,ğŸ¥¬
Dried Wakame,ğŸ¥¬
Semolina,ğŸ›
Sesame Seeds,ğŸ›
Sev/Ganthia,ğŸ›
Sevyian,ğŸ›
Shallots,ğŸ§…
Homemade Shandy,ğŸ¾
Bottled Shandy,ğŸ¾
Sharon Fruit,ğŸ
Vegetable Shepherd's Pie,ğŸ¥§
Store-Bought Vegetable Shepherd's Pie,ğŸ¥§
Medium Sherry,ğŸ¾
Shortbread,ğŸ
Chocolate Caramel Shortcake,ğŸ°
Chocolate Candies,ğŸ«
Smoothies,ğŸ¥›
Fruit Sorbet,ğŸ
Cheese SoufflÃ©,ğŸ®
Plain SoufflÃ©,ğŸ®
Fresh Broccoli and Stilton Soup,ğŸ¥¦
Fresh Carrot and Coriander Soup,ğŸ¥•
Carrot and Orange Soup,ğŸŠ
Cream of Tomato Soup,ğŸ…
French Onion Soup,ğŸ§…
Gazpacho,ğŸ›
Goulash Soup,ğŸ›
Instant Soup Mix,ğŸ›
Prepared Instant Soup,ğŸ›
Canned Lentil Soup,ğŸ¥«
Homemade Lentil Soup,ğŸ›
Low-Calorie Soup,ğŸ›
Canned Minestrone,ğŸ¥«
Homemade Minestrone,ğŸ›
Fresh Mushroom Soup,ğŸ„
Cream of Mushroom Soup,ğŸ„
Potato and Leek Soup,ğŸ¥”
Fresh Tomato Soup,ğŸ…
Canned Vegetable Soup,ğŸ¥¦
Homemade Vegetable Soup,ğŸ¥¦
Soy Sauce,ğŸ¥¢
Boiled Baby Spinach,ğŸ¥¬
Fresh Baby Spinach,ğŸ¥¬
Dried Spinach,ğŸ¥¬
Boiled Frozen Spinach,ğŸ¥¬
Boiled Mature Spinach,ğŸ¥¬
Fresh Mature Spinach,ğŸ¥¬
Spirits (40%),ğŸ¶
Boiled Spring Greens,ğŸ¥¬
Fresh Spring Greens,ğŸ¥¬
Whole Spring Onions,ğŸ§…
Spring Onion Bulbs,ğŸ§…
Baked Acorn Squash,ğŸ¥œ
Fresh Acorn Squash,ğŸ¥œ
Baked Butternut Squash,ğŸ¥œ
Boiled Butternut Squash,ğŸ¥œ
Fresh Butternut Squash,ğŸ¥œ
Baked Spaghetti Squash,ğŸ
Fresh Spaghetti Squash,ğŸ
Star Fruit,ğŸ
Vegetable Stock Cubes,ğŸ¥¦
Stock Gel,ğŸ›
Guinness Stout,ğŸº
Fresh Strawberries,ğŸ“
Fruit Strudel,ğŸ
Dried Stuffing Mix,ğŸ›
Prepared Stuffing Mix (Assorted Flavors),ğŸ›
Homemade Sage and Onion Stuffing,ğŸ§…
Sugar Apple,ğŸ
Brown Sugar,ğŸ¯
Demerara Sugar,ğŸ¯
Icing Sugar,ğŸ¯
White Sugar,ğŸ¯
Sultanas,ğŸ‡
Sunflower Seeds,ğŸŒ»
Toasted Sunflower Seeds,ğŸ›
Vegetable Sushi,ğŸ™
Boiled Swede,ğŸ¥¬
Raw Swede,ğŸ¥¬
Sweet Potato and Onion Bake,ğŸ¥”
Baked Sweet Potato,ğŸ¥”
Boiled Sweet Potato,ğŸ¥”
Raw Sweet Potato,ğŸ¥”
Steamed Sweet Potato,ğŸ¥”
Baked Sweet Potato Wedges,ğŸŸ
Boiled Baby Sweetcorn,ğŸŒ½
Stir-Fried Baby Sweetcorn,ğŸŒ½
Canned Sweetcorn Kernels,ğŸŒ½
Dried Sweetcorn,ğŸŒ½
Corn on the Cob (Boiled),ğŸŒ½
Corn on the Cob with Core (Boiled),ğŸŒ½
Raw Corn on the Cob with Core,ğŸŒ½
Raw Sweetcorn Kernels,ğŸŒ½
Boiled Sweets,ğŸ¬
Chewy Sweets,ğŸ¬
Sherbert Sweets,ğŸ¬
Dark Corn Syrup,ğŸŒ½
Golden Syrup,ğŸ¯
Tabouleh,ğŸ›
Tahini,ğŸ›
Tamarillos,ğŸ›
Tamarind,ğŸ›
Fresh Tamarind Leaves,ğŸ¥¬
Tamarind Pulp,ğŸ›
Raw Tannia,ğŸ›
Raw Tapioca,ğŸ§‹
Raw Taro Leaves,ğŸ§‹
Steamed Taro Leaves,ğŸ§‹
Baked Taro,ğŸ§‹
Boiled Taro,ğŸ§‹
Raw Taro,ğŸ§‹
Steamed Taro,ğŸ§‹
Dried Tarragon,ğŸŒ±
Fresh Tarragon,ğŸŒ±
Homemade Bakewell Tart,ğŸ¥®
Homemade Custard Tart,ğŸ¥®
Tartare Sauce,ğŸ¥®
Homemade Strawberry Tartlets,ğŸ¥®
Iced Bakewell Tarts,ğŸ¥®
Individual Custard Tarts,ğŸ¥®
Homemade Jam Tarts,ğŸ¥®
Homemade Wholemeal Jam Tarts,ğŸ¥®
Black Tea (Medium Strength),ğŸ«–
Strong Black Tea,ğŸ«–
Weak Black Tea,ğŸ«–
Chinese Tea,ğŸ«–
Green Tea,ğŸ«–
Herbal Tea,ğŸŒ±
Tempeh,ğŸ›
Fried Tempeh Burgers,ğŸ”
Dried Thyme,ğŸŒ±
Fresh Thyme,ğŸ›
Tigernuts,ğŸ¥œ
Homemade Tinda Subji,ğŸ¥«
Tiramisu,ğŸ¥®
Mixed Toffees,ğŸ›
Baked Tofu Burger,ğŸ”
Tofu Spread,ğŸ§ˆ
Steamed Tofu,ğŸ«–
Fried Steamed Tofu,ğŸ«–
Tomato Juice,ğŸ…
Tomato Ketchup,ğŸ…
Tomato Puree,ğŸ…
Homemade Tomato Sauce,ğŸ…
Canned Tomatoes,ğŸ…
Cherry Tomatoes,ğŸ’
Fried Tomatoes (Corn Oil),ğŸŒ½
Fried Tomatoes (Rapeseed Oil),ğŸ…
Grilled Tomatoes,ğŸ…
Fresh Tomatoes,ğŸ…
Rice-Stuffed Tomatoes,ğŸš
Vegetable-Stuffed Tomatoes,ğŸ¥¦
Tonic Water,ğŸ¥¤
Topic/Snickers Bar,ğŸ«
Homemade Tori ki Subji,ğŸ›
Fruit Torte,ğŸ
Tortilla Chips,ğŸŸ
Soft Wheat Tortilla,ğŸŒ¯
Trail Mix,ğŸ¥œ
Homemade Treacle Tart,ğŸ¥®
Black Treacle,ğŸ¥®
Store-Bought Fruit Trifle,ğŸ
Homemade Trifle,ğŸ¥®
Trifle with Dream Topping,ğŸ¥®
Homemade Mocha Truffles,ğŸ›
Rum Truffles,ğŸ›
Turkish Delight with Nuts,ğŸ¥œ
Turkish Delight,ğŸ›
Ground Turmeric,ğŸ›
"Turnip Tops, boiled",ğŸŒ°
Boiled Turnip,ğŸŒ°
Raw Turnip,ğŸŒ°
Twiglets,ğŸŒ³
Tzatziki,ğŸ›
Urad Dahl,ğŸ«˜
Grilled Vegeburger,ğŸ”
Vegetable Bake,ğŸ¥¦
Stir-Fried Vegetables in Corn Oil,ğŸŒ½
Stir-Fried Vegetables in Rapeseed Oil,ğŸ¥¦
Stir-Fried Vegetables in Sunflower Oil,ğŸ¥¦
Mixed Vegetables with Spices,ğŸŒ¶ï¸
Boiled Mixed Vegetables,ğŸ¥¦
Stir-Fried Mixed Vegetables,ğŸ¥¦
Takeaway Stir-Fried Vegetables,ğŸ¥¦
Dry Vermouth,ğŸ·
Stuffed Vine Leaves,ğŸ¥¬
Vinegar,ğŸŸ
Waffles,ğŸ§‡
Walnuts,ğŸ¥œ
Walnuts in Shell,ğŸ¥œ
Raw Water Chestnuts,ğŸ¥œ
Distilled Water,ğŸ¥¤
Raw Watercress,ğŸ›
Welsh Cakes,ğŸ°
Welsh Rarebit,ğŸ›
Wholemeal Welsh Rarebit,ğŸ›
Raw Bulgur Wheat,ğŸŒ¾
Wheatgerm,ğŸŒ¾
Raw Whitecurrants,ğŸ«’
Sweetened Stewed Whitecurrants,ğŸ«’
Stewed Whitecurrants,ğŸ«’
Mulled Wine,ğŸ·
Red Wine,ğŸ·
Medium RosÃ© Wine,ğŸ·
Dry White Wine,ğŸ·
Medium White Wine,ğŸ·
Sparkling White Wine,ğŸ·
Sweet White Wine,ğŸ·
Worcestershire Sauce,ğŸ›
Baked Yam,ğŸ 
Boiled Yam,ğŸ 
Raw Yam,ğŸ 
Steamed Yam,ğŸ 
Yeast Extract,ğŸ
Baker's Yeast,ğŸ
Dried Yeast,ğŸ
Fruit Greek Yogurt,ğŸ
Plain Greek Yogurt,ğŸ¥›
Fruit Low-Fat Yogurt,ğŸ
Hazelnut Low-Fat Yogurt,ğŸ¥œ
Plain Low-Fat Yogurt,ğŸ¥›
Toffee Low-Fat Yogurt,ğŸ¥›
Fortified Soya Yogurt with Fruit,ğŸ°
Diet Fruit Yogurt,ğŸ
Diet Plain Yogurt,ğŸ¥›
Anchovies in Oil,ğŸŸ
Fried Aubergine,ğŸ†
Stuffed Aubergine with Cheese,ğŸ†
Raw Bacha,ğŸ›
Grilled Bacon Loin Steaks,ğŸ¥“
Grilled Dry-Cured Back Bacon,ğŸ¥“
Dry-Fried Back Bacon,ğŸ¥“
Grilled Trimmed Back Bacon,ğŸ¥“
Raw Trimmed Back Bacon,ğŸ¥“
Grilled Back Bacon,ğŸ¥“
Crispy Back Bacon,ğŸ¥“
Microwaved Back Bacon,ğŸ¥“
Raw Back Bacon,ğŸ¥“
Grilled Low-Salt Back Bacon,ğŸ¥“
Grilled Smoked Back Bacon,ğŸ¥“
Grilled Sweetcure Back Bacon,ğŸ¥“
Grilled Tendersweet Back Bacon,ğŸ¥“
Fried Middle Bacon,ğŸ¥“
Grilled Middle Bacon,ğŸ¥“
Raw Middle Bacon,ğŸ¥“
Fried Streaky Bacon,ğŸ¥“
Grilled Streaky Bacon,ğŸ¥“
Raw Streaky Bacon,ğŸ¥“
Cooked Bacon Fat,ğŸ¥“
Raw Bacon Fat,ğŸ¥“
Baked Beans with Pork Sausages,ğŸ–
Baked Sea Bass,ğŸŸ
Whole Baked Sea Bass,ğŸŸ
Raw Sea Bass,ğŸŸ
Whole Raw Sea Bass,ğŸŸ
Beef Bourguignon,ğŸ¥©
Lean Beef Bourguignon,ğŸ¥©
Beef Extract,ğŸ¥©
Beef Olives,ğŸ¥©
Beef Steak Pudding,ğŸ¥©
Beef Stroganoff,ğŸ¥©
Beef Wellington,ğŸ¥©
Braised Beef,ğŸ¥©
Lean Braised Beef,ğŸ¥©
Raw Braising Steak,ğŸ¥©
Raw Braising Steak,ğŸ¥©
Slow-Cooked Braising Steak (Lean),ğŸ¥©
Slow-Cooked Braising Steak,ğŸ¥©
Boiled Beef Brisket (Lean),ğŸ¥©
Boiled Beef Brisket,ğŸ¥©
Raw Beef Brisket (Lean),ğŸ¥©
Raw Beef Brisket,ğŸ¥©
Cooked Beef Fat,ğŸ¥©
Raw Beef Fat,ğŸ¥©
Raw Beef Fat (Extra Trimmed),ğŸ¥©
Pan-Fried Beef Fillet,ğŸ¥©
Pan-Fried Beef Fillet (with Fat),ğŸ¥©
Steakhouse Beef Fillet,ğŸ¥©
Steakhouse Beef Fillet (with Fat),ğŸ¥©
Grilled Beef Fillet,ğŸ¥©
Grilled Beef Fillet (with Fat),ğŸ¥©
Raw Beef Fillet,ğŸ¥©
Raw Beef Fillet (with Fat),ğŸ¥©
Pot-Roasted Beef Flank (Lean),ğŸ²
Pot-Roasted Beef Flank,ğŸ²
Raw Beef Flank (Lean),ğŸ¥©
Raw Beef Flank,ğŸ¥©
Microwaved Beef Rib Roast (Lean),ğŸ¥©
Microwaved Beef Rib Roast,ğŸ¥©
Microwaved Beef Rib Roast with Bone,ğŸ¥©
Raw Beef Rib Roast (Lean),ğŸ¥©
Raw Beef Rib Roast,ğŸ¥©
Roasted Beef Rib Roast (Lean),ğŸ¥©
Roasted Beef Rib Roast,ğŸ¥©
Roasted Beef Rib Roast with Bone,ğŸ¥©
Raw Beef (Lean),ğŸ¥©
Raw Beef (Extra Trimmed),ğŸ¥©
BBQ Beef Patties,ğŸ¥©
Stewed Extra Lean Beef Mince,ğŸ¥©
Stewed Frozen Beef Mince,ğŸ¥©
Microwaved Beef Mince,ğŸ¥©
Raw Beef Mince,ğŸ¥©
Raw Extra Lean Beef Mince,ğŸ¥©
Stewed Beef Mince,ğŸ¥©
Stewed Beef Mince,ğŸ¥©
Beef and Vegetable Mince Stew,ğŸ¥©
Stewed Beef Mince with Onions (Extra Lean),ğŸ¥©
BBQ Rump Steak (Lean),ğŸ¥©
BBQ Rump Steak,ğŸ¥©
Pan-Fried Rump Steak,ğŸ¥©
Pan-Fried Rump Steak (Lean),ğŸ¥©
Steakhouse Rump Steak,ğŸ¥©
Steakhouse Rump Steak (Lean),ğŸ¥©
Grilled Rump Steak (Lean),ğŸ¥©
Raw Rump Steak (Lean),ğŸ¥©
Raw Rump Steak,ğŸ¥©
Stir-Fried Rump Steak (Lean),ğŸ¥©
Stir-Fried Rump Steak,ğŸ¥©
Pot-Roasted Silverside Beef (Lean),ğŸ²
Pot-Roasted Silverside Beef,ğŸ²
Raw Silverside Beef (Lean),ğŸ¥©
Raw Silverside Beef,ğŸ¥©
Boiled Salt Beef Silverside (Lean),ğŸ¥©
Boiled Salt Beef Silverside,ğŸ¥©
Raw Salt Beef Silverside (Lean),ğŸ¥©
Raw Salt Beef Silverside,ğŸ¥©
Roasted Sirloin Joint (Lean),ğŸ¥©
Roasted Sirloin Joint,ğŸ¥©
Pan-Fried Sirloin Steak (Lean),ğŸ¥©
Pan-Fried Sirloin Steak,ğŸ¥©
Steakhouse Sirloin Steak (Lean),ğŸ¥©
Steakhouse Sirloin Steak,ğŸ¥©
Medium-Rare Grilled Sirloin (Lean),ğŸ¥©
Medium-Rare Grilled Sirloin,ğŸ¥©
Rare Grilled Sirloin (Lean),ğŸ¥©
Rare Grilled Sirloin,ğŸ¥©
Well-Done Grilled Sirloin (Lean),ğŸ¥©
Well-Done Grilled Sirloin,ğŸ¥©
Raw Sirloin Steak (Lean),ğŸ¥©
Raw Sirloin Steak,ğŸ¥©
"Stewed Beef Stewing Steak (Lean, Frozen)",ğŸ¥©
Stewed Beef Stewing Steak (Frozen),ğŸ¥©
Pressure-Cooked Stewing Steak (Lean),ğŸ¥©
Pressure-Cooked Stewing Steak,ğŸ¥©
Raw Stewing Steak (Lean),ğŸ¥©
Raw Stewing Steak,ğŸ¥©
Stewed Beef Stewing Steak (Lean),ğŸ¥©
Stewed Beef Stewing Steak,ğŸ¥©
Beef and Green Pepper Stir-Fry,ğŸ¥©
Microwaved Topside Beef (Lean),ğŸ¥©
Microwaved Topside Beef,ğŸ¥©
Raw Topside Beef (Lean),ğŸ¥©
Raw Topside Beef,ğŸ¥©
Medium-Rare Roasted Topside (Lean),ğŸ¥©
Medium-Rare Roasted Topside,ğŸ¥©
Well-Done Roasted Topside (Lean),ğŸ¥©
Well-Done Roasted Topside,ğŸ¥©
Cabbage and Pea Bhaji,ğŸ¥¬
Cabbage and Potato Bhaji,ğŸ¥”
"Carrot, Potato and Pea Bhaji",ğŸ¥”
"Cauliflower, Potato and Pea Bhaji",ğŸ¥”
Karela Bhaji,ğŸ›
Bangladeshi Okra Bhaji,ğŸ¥’
Potato Bhaji,ğŸ¥”
Punjabi Mixed Vegetable Bhaji,ğŸ¥¦
Mixed Vegetable Bhaji,ğŸ¥¦
Chicken Biryani (Takeaway),ğŸ—
Cheese Flavored Biscuits,ğŸª
American-Style Chocolate Chip Cookies,ğŸª
Standard Chocolate Chip Cookies,ğŸª
Half-Chocolate Coated Digestive Biscuits,ğŸ«
Chocolate Coated Biscuits,ğŸ«
Chocolate Coated Cream Biscuits,ğŸ«
Chocolate Coated Marshmallow Biscuits,ğŸ«
Half-Chocolate Coated Oat Biscuits,ğŸ«
Cream Sandwich Biscuits,ğŸ¥ª
Half-Chocolate Coated Shortbread,ğŸ«
Dry-Fried Black Pudding,ğŸ¥©
Raw Black Pudding,ğŸ¥©
Grilled Bloater,ğŸŸ
Grilled Whole Bloater,ğŸŸ
Raw Boal,ğŸ›
Homemade Bolognese Sauce,ğŸ
Homemade Lean Beef Bolognese Sauce,ğŸ
Bombay Duck,ğŸ—
Homemade Bouillabaisse,ğŸ›
Boiled Lamb Brain,ğŸ–
Brawn,ğŸ›
Homemade Bread Sauce (Semi-Skimmed Milk),ğŸ
Homemade Bread Sauce (Skimmed Milk),ğŸ
Homemade Bread Sauce (Whole Milk),ğŸ
Honey Nut Cornflakes,ğŸ¯
Honey Loops (including Honey Nut Cheerios),ğŸ¯
Instant Flavored Oatmeal with Semi-Skimmed Milk,ğŸŒ¾
Instant Plain Oatmeal with Semi-Skimmed Milk,ğŸŒ¾
Honey Coated Puffed Wheat,ğŸ¯
Chocolate Rice Cereal,ğŸš
Honey Nut Shredded Wheat (Nestle),ğŸ¯
Chocolate Wheat and Multigrain Cereal,ğŸ«
Raw Sea Bream,ğŸŸ
Homemade Broccoli Cheese (Semi-Skimmed Milk),ğŸ¥¦
Homemade Broccoli Cheese (Skimmed Milk),ğŸ¥¦
Homemade Broccoli Cheese (Whole Milk),ğŸ¥¦
Homemade Chocolate Brownies,ğŸ«
Build-Up Shake Powder,ğŸ›
Build-Up Soup Powder,ğŸ›
Raw Beef Burger (62-85% Beef),ğŸ”
Grilled Beef Burger (62-85% Beef),ğŸ”
Fried Beef Burger (98-99% Beef),ğŸ”
Grilled Beef Burger (98-99% Beef),ğŸ”
Raw Beef Burger (98-99% Beef),ğŸ”
Homemade Beef Burger (Fried in Rapeseed Oil),ğŸ”
Homemade Grilled Beef Burger,ğŸ”
Homemade Beef Burger with Bun (Fried in Rapeseed Oil),ğŸ”
Homemade Grilled Beef Burger with Bun,ğŸ”
Big Mac Burger (Takeaway),ğŸ”
Cheeseburger (Takeaway),ğŸ”
Chicken Burger (Takeaway),ğŸ”
Grilled Chicken/Turkey Burger (Coated),ğŸ”
Hamburger (Takeaway),ğŸ”
Quarter Pounder with Cheese (Takeaway),ğŸ§€
Whopper Burger (Takeaway),ğŸ”
Salted Butter,ğŸ§ˆ
Spreadable Butter (75-80% fat),ğŸ§ˆ
Light Spreadable Butter (60% fat),ğŸ§ˆ
Unsalted Butter,ğŸ§ˆ
Unsalted Butteroil,ğŸ§ˆ
Stuffed Cabbage Leaves with Lamb and Rice,ğŸš
Chocolate Cake Bars,ğŸ°
Chocolate Fudge Cake,ğŸ°
Homemade Chocolate Cake,ğŸ°
Homemade Chocolate Cake with Butter Icing,ğŸ°
Chocolate Cake with Filling and Icing,ğŸ°
Homemade Sponge Cake with Butter Icing,ğŸ°
Frozen Sponge Cake with Cream and Jam,ğŸ°
Sponge Cake with Jam and Butter Cream,ğŸ°
Chocolate Swiss Roll,ğŸ«
Baked Calamari in Batter,ğŸ¦‘
Chocolate-Covered Caramel Bars,ğŸ«
Homemade Carbonnade of Beef,ğŸ¥©
Raw Carp,ğŸŸ
Beef Casserole with Cook-in Sauce,ğŸ¥©
Homemade Pork and Apple Casserole,ğŸ¥“
Pork Casserole with Cook-in Sauce,ğŸ¥“
Homemade Rabbit Casserole,ğŸ›
Homemade Sausage Casserole,ğŸ–
Steamed Catfish,ğŸŸ
Steamed Catfish with Bones,ğŸŸ
Raw Catfish,ğŸŸ
Homemade Cauliflower Cheese (Semi-skimmed Milk),ğŸ¥¦
Homemade Cauliflower Cheese (Skimmed Milk),ğŸ¥¦
Homemade Cauliflower Cheese (Whole Milk),ğŸ¥¦
Cauliflower Cheese,ğŸ¥¦
Homemade Cauliflower in White Sauce (Semi-skimmed Milk),ğŸ¥¦
Homemade Cauliflower in White Sauce (Skimmed Milk),ğŸ¥¦
Homemade Cauliflower in White Sauce (Whole Milk),ğŸ¥¦
Caviar in Brine,ğŸŸ
Cereal Bars with Fruit/Nuts,ğŸ¥œ
Chocolate Cereal Bars with Fruit/Nuts,ğŸ«
Cheese and Onion Rolls,ğŸ§…
Homemade Cheese Pudding,ğŸ§€
Homemade Cheese Sauce (Semi-skimmed Milk),ğŸ§€
Homemade Cheese Sauce (Skimmed Milk),ğŸ§€
Homemade Cheese Sauce (Whole Milk),ğŸ§€
Cheese Sauce Mix with Semi-skimmed Milk,ğŸ§€
Cheese Sauce Mix with Skimmed Milk,ğŸ§€
Cheese Sauce (from packet mix),ğŸ§€
Plain Cheese Spread,ğŸ§€
Light Plain Cheese Spread,ğŸ§€
Cheese Straws,ğŸ§€
Brie Rind,ğŸ§€
Brie (without rind),ğŸ§€
Caerphilly Cheese,ğŸ§€
Camembert Cheese,ğŸ§€
Reduced Fat Cheddar (30% less),ğŸ§€
Half-Fat Cheddar,ğŸ§€
English Cheddar,ğŸ§€
Plain Cottage Cheese,ğŸ§€
Light Cottage Cheese,ğŸ§€
Danish Blue Cheese,ğŸ§€
Derby Cheese,ğŸ§€
Dolcelatte Cheese (without rind),ğŸ§€
Double Gloucester Cheese,ğŸ§€
Edam Cheese,ğŸ§€
Emmental Cheese,ğŸ§€
Feta Cheese,ğŸ§€
Soft Goat's Cheese,ğŸ§€
Gouda Cheese,ğŸ§€
Gruyere Cheese,ğŸ§€
Halloumi Cheese,ğŸ§€
Hard Cheese (generic),ğŸ§€
Lancashire Cheese,ğŸ§€
Mascarpone Cheese,ğŸ§€
Fresh Mozzarella,ğŸ§€
Paneer Cheese,ğŸ§€
Fresh Parmesan,ğŸ§€
Port Salut Cheese,ğŸ§€
Processed Cheese,ğŸ§€
Light Processed Cheese Slices,ğŸ§€
Smoked Processed Cheese,ğŸ§€
Quark Cheese,ğŸ§€
Red Leicester Cheese,ğŸ§€
Red Windsor Cheese,ğŸ§€
Ricotta Cheese,ğŸ§€
Roquefort Cheese,ğŸ§€
Sage Derby Cheese,ğŸ§€
Full-Fat Soft Cheese,ğŸ§€
Medium-Fat Soft Cheese,ğŸ§€
Low-Fat Soft Cheese,ğŸ§€
Blue Stilton Cheese,ğŸ§€
White Stilton Cheese,ğŸ§€
Wensleydale Cheese,ğŸ§€
White Cheshire Cheese,ğŸ§€
White Cheese (generic),ğŸ§€
Frozen Fruit Cheesecake,ğŸ°
Individual Fruit Cheesecake,ğŸ°
Homemade Cheesecake,ğŸ°
Baked Coated Chicken Breast,ğŸ—
Homemade Chicken Chasseur,ğŸ—
Chicken Chasseur (with bone),ğŸ—
Homemade Chicken Fricassee,ğŸ—
Homemade Low-Fat Chicken Fricassee,ğŸ—
Chicken in White Sauce (semi-skimmed milk),ğŸ—
Chicken in White Sauce (whole milk),ğŸ—
Takeaway Coated Chicken Pieces,ğŸ¥§
Takeaway Battered Chicken Portions,ğŸ—
Takeaway Chicken Satay,ğŸ—
Sliced Chicken,ğŸ—
Cream of Chicken Soup (canned),ğŸ—
Barbecued Marinated Chicken Wings,ğŸ—
Barbecued Marinated Chicken Wings (with bone),ğŸ—
Casseroled Chicken Breast with Skin,ğŸ—
Casseroled Chicken Breast with Skin (with bone),ğŸ—
Casseroled Chicken Breast (meat only),ğŸ—
"Grilled Chicken Breast (meat only, with skin)",ğŸ—
Grilled Skinless Chicken Breast,ğŸ—
Grilled Chicken Breast with Skin,ğŸ—
Stir-Fried Chicken Breast Strips,ğŸ—
Raw Corn-Fed Dark Chicken Meat,ğŸ—
Raw Corn-Fed Light Chicken Meat,ğŸ—
Raw Corn-Fed Chicken Meat,ğŸ—
Raw Corn-Fed Chicken Skin,ğŸ—
Roasted Corn-Fed Dark Chicken Meat,ğŸ—
Roasted Corn-Fed Light Chicken Meat,ğŸ—
Roasted Corn-Fed Chicken Meat,ğŸ—
Raw Dark Chicken Meat,ğŸ—
Roasted Dark Chicken Meat,ğŸ—
Casseroled Chicken Drumsticks with Skin,ğŸ—
Casseroled Chicken Drumsticks with Skin (with bone),ğŸ—
Casseroled Chicken Drumsticks (meat only),ğŸ—
Roasted Chicken Drumsticks with Skin,ğŸ—
Roasted Chicken Drumsticks with Skin (with bone),ğŸ—
Roasted Chicken Drumsticks (meat only),ğŸ—
Casseroled Chicken Leg Quarter with Skin,ğŸ–
Casseroled Chicken Leg Quarter with Skin (with bone),ğŸ–
Casseroled Chicken Leg Quarter (meat only),ğŸ–
Raw Chicken Leg Quarter with Skin,ğŸ–
Raw Chicken Leg Quarter with Skin (with bone),ğŸ–
Roasted Chicken Leg Quarter with Skin,ğŸ–
Roasted Chicken Leg Quarter with Skin (with bone),ğŸ–
Raw Light Chicken Meat,ğŸ—
Roasted Light Chicken Meat,ğŸ—
Raw Chicken Meat,ğŸ—
Roasted Chicken Meat,ğŸ—
Deep-Fried Uncoated Chicken Portions with Skin,ğŸ—
Deep-Fried Uncoated Chicken Portions with Skin (with bone),ğŸ—
Casseroled Chicken Skin,ğŸ—
Raw Chicken Skin,ğŸ—
Dry Roasted/Grilled Chicken Skin,ğŸ—
Moist Roasted/Grilled Chicken Skin,ğŸ—
Homemade Chicken with Mushrooms and Cashews,ğŸ—
Homemade Chicken in Black Bean Sauce with Peppers,ğŸ—
Chicken with Rice and Vegetables,ğŸš
Casseroled Chicken Thighs with Skin,ğŸ—
Casseroled Chicken Thighs with Skin (with bone),ğŸ—
Diced Casseroled Chicken Thighs,ğŸ—
Raw Whole Corn-Fed Chicken with Skin,ğŸ—
Raw Whole Corn-Fed Chicken with Skin (with bone),ğŸ—
Roasted Whole Corn-Fed Chicken with Skin,ğŸ—
Roasted Whole Corn-Fed Chicken with Skin (with bone),ğŸ—
Raw Whole Chicken with Skin,ğŸ—
Raw Whole Chicken with Skin (with bone),ğŸ—
Roasted Whole Chicken with Skin,ğŸ—
Roasted Whole Chicken with Skin (with bone),ğŸ—
Casseroled Chicken Wing Quarter with Skin,ğŸ—
Casseroled Chicken Wing Quarter with Skin (with bone),ğŸ—
Casseroled Chicken Wing Quarter (meat only),ğŸ—
Raw Chicken Wing Quarter with Skin,ğŸ—
Raw Chicken Wing Quarter with Skin (with bone),ğŸ—
Roasted Chicken Wing Quarter with Skin,ğŸ—
Roasted Chicken Wing Quarter with Skin (with bone),ğŸ—
Chicken/Turkey Pastries (puff pastry),ğŸ¥
Baked Coated Chicken/Turkey Pieces,ğŸ—
Raw Chital,ğŸ›
Chocolate Caramel Cereal Bar,ğŸ«
Chocolate Caramel Biscuit Fingers,ğŸ«
Chocolate-Covered Wafer,ğŸ«
Chocolate Nut Spread,ğŸ«
Chocolate Nut Sundae,ğŸ«
Chocolate Spread,ğŸ«
Dark Chocolate with Fondant Centers,ğŸ«
Filled Chocolate,ğŸ«
Milk Chocolate,ğŸ«
Dark Chocolate,ğŸ«
White Chocolate,ğŸ«
Chorizo,ğŸ›
Beef Chow Mein,ğŸ¥©
Takeaway Chicken Chow Mein,ğŸ—
Homemade Pork and Chicken Chow Mein,ğŸ¥“
Boiled Cockles,ğŸ›
Cocoa Butter,ğŸ«
Cocoa with Semi-Skimmed Milk,ğŸ«
Cocoa with Skimmed Milk,ğŸ«
Cocoa with Whole Milk,ğŸ«
Coconut Milk,ğŸ¥¥
Reduced-Fat Coconut Milk,ğŸ¥¥
Coconut Milk,ğŸ¥¥
"Salted Dried Cod, boiled",ğŸŸ
Baked Cod,ğŸŸ
Baked Cod with Bones and Skin,ğŸŸ
Grilled Cod,ğŸŸ
Microwaved Cod,ğŸŸ
Milk-Poached Cod with Butter,ğŸŸ
"Milk-Poached Cod with Butter, Bones and Skin",ğŸŸ
Raw Cod,ğŸŸ
Smoked Salted Cod,ğŸŸ
Steamed Cod,ğŸŸ
Steamed Cod with Bones and Skin,ğŸŸ
"Battered Cod, baked",ğŸŸ
"Battered Cod, fried in dripping",ğŸŸ
"Battered Cod, fried in rapeseed oil",ğŸŸ
"Battered Cod, fried in sunflower oil",ğŸŸ
"Battered Cod, fried",ğŸŸ
"Breaded Cod, baked",ğŸŸ
Coffee with Semi-Skimmed Milk,â˜•
Coffee with Single Cream,â˜•
Coffee with Whole Milk,â˜•
Instant Coffee with Semi-Skimmed Milk,â˜•
Instant Coffee with Whole Milk,â˜•
Baked Coley,ğŸŸ
Fried Whitebait,ğŸŸ
Grilled Coley,ğŸŸ
Poached Coley,ğŸŸ
Raw Coley,ğŸŸ
Steamed Coley,ğŸ«–
Steamed Coley with Bones and Skin,ğŸ«–
Original Complan Powder,ğŸ›
Savory Complan Powder,ğŸ›
Savory Complan with Water,ğŸ›
Complan with Semi-Skimmed Milk,ğŸ¥›
Complan with Skimmed Milk,ğŸ¥›
Complan with Water,ğŸ›
Complan with Whole Milk,ğŸ¥›
Coq au Vin,ğŸ›
Coq au Vin with Bone,ğŸ›
Homemade Corned Beef Hash,ğŸ¥©
Canned Corned Beef,ğŸ¥©
Cornetto Ice Cream,ğŸ¦
Homemade Cornish Pasty,ğŸ¥Ÿ
Retail Cornish Pasty,ğŸ¥Ÿ
Coronation Chicken,ğŸ—
Light Coronation Chicken,ğŸ—
Butter-Fried Courgette,ğŸ¥’
Courgette and Eggs,ğŸ¥’
Brown Crab Meat,ğŸ¦€
Canned Crab,ğŸ¦€
Cooked Crab,ğŸ¦€
Whole Cooked Crab with Shell,ğŸ¦€
White Crab Meat,ğŸ¦€
Raw Crayfish,ğŸŸ
Cream Crackers,ğŸ¥›
Cream of Tartar,ğŸ¥›
Double Cream Substitute,ğŸ¥›
Single Cream Substitute,ğŸ¥›
Extra Thick Cream (24% fat),ğŸ¥›
Whipped Cream Spray (85% cream),ğŸ¥›
Light Whipped Cream Spray,ğŸ¥›
Clotted Cream,ğŸ¥›
Double Cream (including Jersey),ğŸ¥›
Single Cream,ğŸ¥›
Whipping Cream,ğŸ¥›
Half Cream,ğŸ¥›
Creme Egg,ğŸ³
Beef and Spinach Curry,ğŸ›
Beef Curry,ğŸ›
Light Beef Curry,ğŸ›
Ready-Made Beef Curry,ğŸ›
Ready-Made Beef Curry with Rice,ğŸš
Chickpea Dahl and Spinach Curry,ğŸ›
Gujarati Chickpea and Tomato Curry,ğŸ›
Punjabi Chickpea and Tomato Curry,ğŸ›
Chicken Balti,ğŸ—
Chicken Korma,ğŸ—
Tandoori Chicken Curry,ğŸ›
Chicken Tikka Masala,ğŸ—
Chicken Vindaloo,ğŸ—
Light Chicken Vindaloo,ğŸ—
Ready-Made Chicken Curry,ğŸ›
Ready-Made Chicken Curry with Rice,ğŸš
Takeaway Chicken Curry,ğŸ›
Jarred Chicken Curry,ğŸ›
Thai Green Chicken Curry,ğŸ›
Egg and Potato Curry,ğŸ¥”
Sweet Egg Curry,ğŸ›
Butter Egg Curry,ğŸ›
Rapeseed Oil Egg Curry,ğŸ›
Bangladeshi Fish and Vegetable Curry,ğŸ›
Bangladeshi Fish Curry,ğŸ›
Fish Curry,ğŸ›
Bengali Haddock Curry,ğŸ›
Bengali Herring Curry,ğŸ›
Lamb Biryani,ğŸ–
Light Lamb Biryani,ğŸ–
Lamb Rogan Josh,ğŸ–
Lamb Vindaloo,ğŸ–
Jarred Lamb Curry,ğŸ›
Red Lentil (Masoor Dahl) and Tomato Curry,ğŸ›
Red Lentil (Masoor) Curry with Butter,ğŸ›
Pigeon Pea Dahl Curry with Butter,ğŸ›
Prawn and Mushroom Curry,ğŸ›
Prawn Bhuna (Takeaway),ğŸ¤
Prawn Madras (Takeaway),ğŸ¤
Prawn Curry (Takeaway),ğŸ›
Egg Custard,ğŸ³
Custard with Semi-Skimmed Milk,ğŸ¥›
Custard with Skimmed Milk,ğŸ¥›
Custard with Whole Milk,ğŸ¥›
Raw Cuttlefish,ğŸŸ
Raw Dab,ğŸ›
Chocolate Dairy Desserts,ğŸ«
Sour Cream Dips (Assorted),ğŸ›
Reduced Fat Sour Cream Dips,ğŸ§ˆ
Doner Kebab in Pitta with Salad,ğŸŒ¯
Doner Kebab Meat,ğŸŒ¯
Raw Dover Sole,ğŸŸ
Blue Cheese Dressing,ğŸ§€
Hot Chocolate with Semi-Skimmed Milk,ğŸ«
Hot Chocolate with Skimmed Milk,ğŸ«
Hot Chocolate with Whole Milk,ğŸ«
Hot Chocolate Powder,ğŸ«
Reduced Fat Hot Chocolate Powder,ğŸ«
Beef Dripping,ğŸ¥©
Duck Ã  l'Orange (Lean),ğŸ—
Duck Ã  l'Orange (with Skin),ğŸ—
Duck with Pineapple,ğŸ—
Chinese Crispy Duck,ğŸ—
Raw Duck Meat,ğŸ—
Raw Duck (Whole),ğŸ—
Raw Duck with Skin,ğŸ—
Roasted Duck Meat,ğŸ—
Roasted Duck (Whole),ğŸ—
Roasted Duck with Skin,ğŸ—
Grilled Conger Eel,ğŸŸ
Grilled Conger Eel (Whole),ğŸŸ
Raw Conger Eel,ğŸŸ
Raw Yellow Eel,ğŸŸ
Egg Foo Young,ğŸ³
Homemade Eggnog,ğŸ³
Scrambled Eggs with Semi-Skimmed Milk,ğŸ³
Boiled Egg Whites,ğŸ³
Dried Egg Whites,ğŸ³
Raw Egg Whites,ğŸ³
Boiled Eggs,ğŸ³
Dried Eggs,ğŸ³
Fried Eggs in Sunflower Oil,ğŸ³
Fried Eggs (No Oil),ğŸ³
Poached Eggs,ğŸ³
Raw Eggs,ğŸ³
Scrambled Eggs,ğŸ³
Boiled Egg Yolks,ğŸ³
Raw Egg Yolks,ğŸ³
Salted Duck Eggs,ğŸ³
Raw Duck Eggs,ğŸ³
Raw Quail Eggs,ğŸ³
Raw Turkey Eggs,ğŸ³
Beef Enchiladas,ğŸ¥©
Faggots in Gravy,ğŸ›
Chicken Fajita Meat (Restaurant),ğŸŒ®
Steamed Fish Balls,ğŸŸ
Fried Cod Fish Fingers in Rapeseed Oil,ğŸŸ
Fried Cod Fish Fingers in Sunflower Oil,ğŸŸ
Baked Cod Fish Fingers,ğŸŸ
Grilled Pollock Fish Fingers,ğŸŸ
Baked Salmon Fish Fingers,ğŸŸ
Fish Paste,ğŸŸ
Homemade Cod Fishcakes,ğŸ°
Breaded Salmon Fishcakes,ğŸ°
Homemade Salmon Fishcakes,ğŸ°
Breaded White Fish Fishcakes,ğŸ°
Cheese and Mushroom Flan,ğŸ„
Wholemeal Cheese and Mushroom Flan,ğŸ„
"Cheese, Onion and Potato Flan",ğŸ¥”
"Wholemeal Cheese, Onion and Potato Flan",ğŸ¥”
Chocolate-Covered Flapjacks,ğŸ«
Steamed Flounder,ğŸŸ
Steamed Flounder (Whole),ğŸŸ
Raw Flounder,ğŸŸ
Raw Flying Fish,ğŸŸ
Frankfurter,ğŸŒ­
Frankfurter in Bun,ğŸŒ­
Loaded Frankfurter (with Toppings),ğŸŒ­
Frozen Chocolate Gateau,ğŸ«
Ghee,ğŸ§ˆ
Boiled Chicken Giblets,ğŸ—
Raw Chicken Giblets,ğŸ—
Boiled Turkey Giblets,ğŸ—
Raw Goose with Skin,ğŸ—
Roasted Goose with Skin,ğŸ—
Roasted Grouse Meat,ğŸ¥©
Roasted Grouse (Whole),ğŸ›
Fried Breaded Haddock,ğŸ
Fried Breaded Haddock (Whole),ğŸ
Raw Breaded Haddock,ğŸ
Flour-Coated Fried Haddock in Oil,ğŸŸ
Flour-Coated Fried Haddock in Dripping,ğŸŸ
Flour-Coated Fried Haddock in Dripping (Whole),ğŸŸ
Flour-Coated Fried Haddock in Sunflower Oil,ğŸŸ
Fried Haddock in Flour,ğŸŸ
Grilled Haddock,ğŸŸ
Grilled Haddock Fillets,ğŸŸ
Poached Haddock,ğŸŸ
Poached Haddock Fillets,ğŸŸ
Raw Haddock,ğŸŸ
Poached Smoked Haddock,ğŸŸ
Poached Smoked Haddock Fillets,ğŸŸ
Raw Smoked Haddock,ğŸŸ
Steamed Smoked Haddock,ğŸŸ
Steamed Smoked Haddock Fillets,ğŸŸ
Steamed Haddock,ğŸŸ
Steamed Haddock Fillets,ğŸŸ
Battered Haddock (Blended Oil),ğŸŸ
Battered Haddock (Dripping),ğŸŸ
Battered Haddock (Retail Oil),ğŸŸ
Battered Haddock (Sunflower Oil),ğŸŸ
Boiled Haggis,ğŸ¥©
Grilled Hake,ğŸŸ
Grilled Hake Fillets,ğŸŸ
Raw Hake,ğŸŸ
Grilled Halibut,ğŸŸ
Poached Halibut,ğŸŸ
Poached Halibut Fillets,ğŸŸ
Raw Halibut,ğŸŸ
Grilled Halibut Fillets,ğŸŸ
Ham,ğŸ–
Boiled Gammon,ğŸ–
Raw Gammon,ğŸ–
Grilled Gammon Rashers,ğŸ–
Stewed Hare,ğŸ‡
Stewed Hare with Bone,ğŸ‡
Raw Lamb Heart,ğŸ–
Roasted Lamb Heart,ğŸ–
Raw Ox Heart,ğŸ¥©
Stewed Ox Heart,ğŸ¥©
Raw Pig Heart,ğŸ¥©
Stewed Pig Heart,ğŸ¥©
Grilled Herring,ğŸŸ
Grilled Herring Fillets,ğŸŸ
Raw Herring,ğŸŸ
Pickled Herring,ğŸ¥’
Raw Hilsa,ğŸŸ
Grilled Hoki,ğŸŸ
Raw Hoki,ğŸŸ
Honey,ğŸ¯
Honeycomb,ğŸ¯
Horlicks (Semi-skimmed Milk),ğŸ¥›
Horlicks (Skimmed Milk),ğŸ¥›
Horlicks (Whole Milk),ğŸ¥›
Lamb/Beef Hot Pot with Potatoes,ğŸ¥”
Luxury Chocolate Ice Cream Bars,ğŸ¦
Non-dairy Chocolate Ice Cream Bars,ğŸ¦
Frozen Ice Cream Desserts,ğŸ¦
Strawberry and Chocolate Ice Cream Topping,ğŸ¦
Non-dairy Vanilla Ice Cream Cone,ğŸ¦
Non-dairy Vanilla Ice Cream with Wafers,ğŸ¦
Luxury Chocolate/Caramel Ice Cream,ğŸ¦
Vanilla Soft Serve Ice Cream,ğŸ¦
Non-dairy Vanilla Soft Serve Ice Cream,ğŸ¦
Low-fat Ice Cream Alternative,ğŸ¦
Homemade Butter Icing,ğŸ§ˆ
Instant Dessert (Skimmed Milk),ğŸ¥›
Instant Dessert (Whole Milk),ğŸ¥›
Low-calorie Chocolate Drink Powder,ğŸ«
Raw Jackfish,ğŸŸ
Milk Jelly,ğŸ¥›
Raw John Dory,ğŸŸ
Homemade Pork and Pineapple Kebabs,ğŸŒ¯
Homemade Kedgeree,ğŸ›
Homemade Beef Kheema,ğŸ¥©
Homemade Lamb Kheema,ğŸ–
Homemade Low-fat Lamb Kheema,ğŸ–
Khichadi with Ghee,ğŸ›
Fried Lamb Kidney,ğŸ–
Raw Lamb Kidney,ğŸ–
Raw Ox Kidney,ğŸ¥©
Stewed Ox Kidney,ğŸ¥©
Fried Pig Kidney,ğŸ¥©
Raw Pig Kidney,ğŸ¥©
Stewed Pig Kidney,ğŸ¥©
Boiled Kippers with Butter,ğŸŸ
Grilled Kippers,ğŸŸ
Grilled Kipper Fillets,ğŸŸ
Homemade Beef Kofta,ğŸ¥©
Homemade Breaded Lamb Kofta,ğŸ–
Lamb and Vegetable Stir-fry,ğŸ–
Raw Lamb (lean and fat),ğŸ–
Barbecued Lamb Neck Cutlets (lean),ğŸ–
Barbecued Lamb Neck Cutlets with Fat,ğŸ–
Barbecued Lamb Neck Cutlets with Bone,ğŸ–
Barbecued Lean Lamb Neck Cutlets with Bone,ğŸ–
Grilled Lamb Neck Cutlets (lean),ğŸ–
Grilled Lamb Neck Cutlets with Fat,ğŸ–
Grilled Lamb Neck Cutlets with Bone,ğŸ–
Grilled Lean Lamb Neck Cutlets with Bone,ğŸ–
Raw Lamb Neck Cutlets with Fat,ğŸ–
Raw Lamb Neck Cutlets with Bone,ğŸ–
Raw Lean Lamb Breast,ğŸ–
Raw Lamb Breast with Fat,ğŸ–
Roasted Lamb Breast (lean),ğŸ–
Roasted Lamb Breast,ğŸ–
Fried Lamb Chump Chops (lean),ğŸ–
Fried Lamb Chump Chops,ğŸ–
Fried Lamb Chump Chops with Bone,ğŸ–
Fried Lamb Chump Chops (lean) with Bone,ğŸ–
Raw Lamb Chump Chops,ğŸ–
Raw Lamb Chump Chops with Bone,ğŸ–
Fried Lamb Chump Steaks,ğŸ–
Raw Lamb Chump Steaks,ğŸ–
Cooked Lamb Fat,ğŸ–
Raw Lamb Fat,ğŸ–
Extra-Trimmed Raw Lamb Fat,ğŸ–
Raw Lamb (lean),ğŸ–
Extra-Trimmed Raw Lamb (lean),ğŸ–
Grilled Lamb Leg Chops,ğŸ–
Grilled Lamb Leg Chops with Bone,ğŸ–
Roasted Lamb Leg (lean),ğŸ–
Roasted Lamb Leg,ğŸ–
Grilled Lamb Leg Steaks (lean),ğŸ–
Grilled Lamb Leg Steaks,ğŸ–
Braised Lamb Leg Fillet (lean),ğŸ–
Braised Lamb Leg Fillet,ğŸ–
Pot-Roasted Lamb Knuckle (lean),ğŸ²
Pot-Roasted Lamb Knuckle,ğŸ²
Pot-Roasted Lamb Knuckle with Bone,ğŸ²
Well-Done Roasted Lamb Leg (lean),ğŸ–
Well-Done Roasted Lamb Leg,ğŸ–
Roasted Lamb Leg,ğŸ–
Roasted Lamb Leg (lean),ğŸ–
Grilled Lamb Loin Chops (lean),ğŸ–
Grilled Lamb Loin Chops,ğŸ–
Grilled Lamb Loin Chops with Bone,ğŸ–
Grilled Lamb Loin Chops (lean) with Bone,ğŸ–
Microwaved Lamb Loin Chops (lean),ğŸ–
Microwaved Lamb Loin Chops,ğŸ–
Microwaved Lamb Loin Chops with Bone,ğŸ–
Microwaved Lamb Loin Chops (lean) with Bone,ğŸ–
Raw Lamb Loin Chops,ğŸ–
Raw Lamb Loin Chops with Bone,ğŸ–
Roasted Lamb Loin Chops (lean),ğŸ–
Roasted Lamb Loin Chops,ğŸ–
Roasted Lamb Loin Chops with Bone,ğŸ–
Roasted Lamb Loin Chops (lean) with Bone,ğŸ–
Raw Lamb Loin Joint,ğŸ–
Raw Lamb Loin Joint with Bone,ğŸ–
Roasted Lamb Loin Joint (lean),ğŸ–
Roasted Lamb Loin Joint,ğŸ–
Roasted Lamb Loin Joint with Bone,ğŸ–
Raw Lamb Mince,ğŸ–
Stewed Lamb Mince,ğŸ–
Stewed Lamb Mince with Onions,ğŸ–
Raw Lamb Neck Fillet (lean),ğŸ–
Raw Lamb Neck Fillet,ğŸ–
Grilled Lamb Neck Fillet (lean),ğŸ–
Grilled Lamb Neck Fillet,ğŸ–
Stir-Fried Lamb Neck Fillet (lean),ğŸ–
Stir-Fried Lamb Neck Fillet,ğŸ–
Roasted New Zealand Lamb Leg (lean),ğŸ–
Roasted New Zealand Lamb Leg,ğŸ–
Raw Frozen New Zealand Lamb Leg with Bone,ğŸ–
Roasted Frozen New Zealand Lamb Leg (lean),ğŸ–
Roasted Frozen New Zealand Lamb Leg,ğŸ–
Roasted Frozen New Zealand Lamb Leg with Bone,ğŸ–
Grilled Frozen New Zealand Lamb Loin Chops (lean),ğŸ–
Grilled Frozen New Zealand Lamb Loin Chops,ğŸ–
Grilled Frozen New Zealand Lamb Loin Chops with Bone,ğŸ–
Grilled Frozen New Zealand Lamb Loin Chops (lean) with Bone,ğŸ–
Stewed Frozen New Zealand Lamb Mince,ğŸ–
Roasted Frozen New Zealand Lamb Shoulder (lean),ğŸ–
Roasted Frozen New Zealand Lamb Shoulder,ğŸ–
Roasted Rack of Lamb (lean),ğŸ–
Raw Rack of Lamb,ğŸ–
Raw Rack of Lamb with Bone,ğŸ–
Roasted Rack of Lamb,ğŸ–
Roasted Lamb Shoulder (lean),ğŸ–
Roasted Lamb Shoulder,ğŸ–
Grilled Lamb Shoulder Kebabs,ğŸŒ¯
Pot-Roasted Lamb Shoulder Blade (lean),ğŸ²
Pot-Roasted Lamb Shoulder Blade,ğŸ²
Braised Lamb Shoulder Knuckle (lean),ğŸ–
Braised Lamb Shoulder Knuckle,ğŸ–
Raw Lamb Shoulder,ğŸ–
Raw Lamb Shoulder with Bone,ğŸ–
Roasted Whole Lamb Shoulder (lean),ğŸ–
Roasted Whole Lamb Shoulder,ğŸ–
Roasted Whole Lamb Shoulder with Bone,ğŸ–
Pressure Cooked Lamb Stew (lean),ğŸ–
Pressure Cooked Lamb Stew,ğŸ–
Raw Stewing Lamb,ğŸ–
Raw Stewing Lamb with Bone,ğŸ–
Stewed Lamb (lean),ğŸ–
Stewed Lamb,ğŸ–
Homemade Lamb's Heart Casserole,ğŸ–
Homemade Lancashire Hotpot,ğŸ²
Boiled Langoustine,ğŸ¦
Lard,ğŸ›
Homemade Beef Lasagne (extra lean),ğŸ¥©
Homemade Leeks in Cheese Sauce (semi-skimmed milk),ğŸ§€
Homemade Leeks in Cheese Sauce (skimmed milk),ğŸ§€
Homemade Leeks in Cheese Sauce (Whole Milk),ğŸ§€
Homemade Lemon Chicken,ğŸ—
Grilled Lemon Sole Fillets,ğŸ‹
Raw Lemon Sole Fillets,ğŸ‹
Steamed Lemon Sole Fillets,ğŸ‹
Steamed Lemon Sole with Bone,ğŸ‹
Baked Lemon Sole Goujons,ğŸ‹
Homemade Lentil and Nut Roast with Egg,ğŸ¥œ
Homemade Lentil and Rice Roast with Egg,ğŸ¥œ
Homemade Lentil Roast with Egg,ğŸ³
Raw Ling,ğŸŸ
Cream Liqueurs,ğŸ¾
Homemade Fried Liver and Bacon,ğŸ¥“
Homemade Stewed Liver and Onions,ğŸ§…
Liver Sausage,ğŸ–
Fried Calf Liver (Corn Oil),ğŸŒ½
Raw Calf Liver,ğŸ¥©
Fried Chicken Liver (Corn Oil),ğŸ—
Raw Chicken Liver,ğŸ—
Fried Lamb Liver (Corn Oil),ğŸ–
Raw Lamb Liver,ğŸ–
Raw Ox Liver,ğŸ¥©
Stewed Ox Liver,ğŸ¥©
Raw Pig Liver,ğŸ¥“
Stewed Pig Liver,ğŸ¥“
Boiled Lobster,ğŸ¦
Boiled Lobster with Shell,ğŸ¦
Ice Cream Lollies,ğŸ¦
Steamed Chinese Luncheon Meat,ğŸ«–
Homemade Macaroni Cheese,ğŸ§€
Grilled Mackerel Fillets,ğŸŸ
Grilled Mackerel Fillets with Bone,ğŸŸ
Raw Mackerel Fillets,ğŸŸ
Smoked Mackerel Fillets,ğŸŸ
Homemade Meat Loaf,ğŸ¥©
Takeaway Meat Samosas,ğŸ¥©
Meat Spread,ğŸ¥©
Homemade Pork and Beef Meatballs in Tomato Sauce,ğŸ¥“
"Honeydew Melon (Flesh Only, Whole)",ğŸ¯
"Honeydew Melon (Flesh Only, with Skin)",ğŸ¯
Homemade Meringue with Cream,ğŸ¥›
Homemade Milk Bread,ğŸ
Fermented Milk Drink with Probiotics,ğŸ¥›
Milkshake Powder,ğŸ¥›
Milkshake Powder (Semi-skimmed Milk),ğŸ¥›
Milkshake Powder (Skimmed Milk),ğŸ¥›
Milkshake Powder (Whole Milk),ğŸ¥›
1% Fat Pasteurised Milk,ğŸ¥›
Channel Islands Whole Milk (Pasteurised),ğŸ¥›
Channel Islands Whole Milk (Summer),ğŸ¥›
Channel Islands Whole Milk (Winter),ğŸ¥›
Sweetened Whole Condensed Milk,ğŸ¥›
Light Evaporated Milk,ğŸ¥›
Whole Evaporated Milk,ğŸ¥›
Chocolate Flavoured Milk (Pasteurised),ğŸ«
Strawberry and Banana Flavoured Milk (Pasteurised),ğŸŒ
Pasteurised Goat's Milk,ğŸŒ¾
Human Colostrum Milk,ğŸ¥›
Mature Human Milk,ğŸ¥›
Transitional Human Milk,ğŸ¥›
Semi-skimmed Pasteurised Milk (Average),ğŸ¥›
Semi-skimmed Pasteurised Milk (Summer and Autumn),ğŸ¥›
Semi-skimmed Pasteurised Milk (Winter and Spring),ğŸ¥›
Semi-skimmed UHT Milk,ğŸ¥›
Raw Sheepâ€™s Milk,ğŸ¥›
Fortified Dried Skimmed Milk,ğŸ°
Skimmed Pasteurised Milk (Average),ğŸ¥›
Skimmed Pasteurised Milk (Summer),ğŸ¥›
Skimmed Pasteurised Milk (Winter),ğŸ¥›
Skimmed UHT Milk,ğŸ¥›
Sweetened Fortified Soya Milk,ğŸ°
Unsweetened Fortified Soya Milk,ğŸ°
Whole Pasteurised Milk (Average),ğŸ¥›
Whole Pasteurised Milk (Summer and Autumn),ğŸ¥›
Whole Pasteurised Milk (Winter and Spring),ğŸ¥›
Whole UHT Milk,ğŸ¥›
Thick Takeaway Milkshake,ğŸ¥›
Milky Way and Equivalents,ğŸ¥›
Mincemeat,ğŸ¥©
Grilled Monkfish Fillets,ğŸŸ
Grilled Monkfish with Bone,ğŸŸ
Raw Monkfish Fillets,ğŸŸ
Homemade Moussaka,ğŸ›
Reheated Retail Moussaka,ğŸ›
Low-fat Chocolate Mousse,ğŸ«
Homemade American-style Chocolate Chip Muffins,ğŸ«
Retail American-style Chocolate Muffins,ğŸ«
Retail American-style Non-Chocolate Muffins,ğŸ«
Grilled Grey Mullet Fillets,ğŸŸ
Raw Grey Mullet Fillets,ğŸŸ
Grilled Grey Mullet with Bone,ğŸŸ
Grilled Red Mullet Fillets,ğŸŸ
Grilled Red Mullet with Bone,ğŸŸ
Raw Red Mullet Fillets,ğŸŸ
White Mushrooms Fried in Salted Butter,ğŸ„
Cooked Mussels in White Wine Sauce,ğŸ·
Purchased Cooked Mussels,ğŸ›
Raw Mussels,ğŸ›
Raw Dried Egg Noodles,ğŸœ
Boiled Fine Egg Noodles,ğŸœ
Homemade Fried Egg Noodles with Spring Onions,ğŸœ
Boiled Medium Egg Noodles,ğŸœ
Boiled Thick Egg Noodles,ğŸœ
"Homemade Nut and Rice Roast, with Egg",ğŸ¥œ
"Homemade Nut and Seed Roast, with Egg",ğŸ¥œ
"Homemade Nut and Vegetable Roast, with Egg",ğŸ¥œ
"Homemade Nut Roast, with Egg",ğŸ¥œ
Raw Octopus,ğŸ¦‘
Homemade Cheese Omelette,ğŸ§€
Homemade Onion Sauce (made with Semi-skimmed Milk),ğŸ§…
Homemade Onion Sauce (made with Skimmed Milk),ğŸ§…
Homemade Onion Sauce (made with Whole Milk),ğŸ§…
Onions Fried in Butter,ğŸ§…
Ovaltine (made with Semi-skimmed Milk),ğŸ¥«
Ovaltine (made with Skimmed Milk),ğŸ¥«
Ovaltine (made with Whole Milk),ğŸ¥«
Ovaltine Powder,ğŸ¥«
Stewed Oxtail with Added Salt,ğŸ§‚
Stewed Oxtail (Weighed with Fat and Bones),ğŸ§ˆ
Raw Oxtail,ğŸ›
Raw Oysters,ğŸ›
Raw Oysters (Weighed with Shells),ğŸ›
Crispy Duck Pancakes,ğŸ¥
Homemade Savory Pancakes (made with Semi-skimmed Milk),ğŸ¥
Homemade Savory Pancakes (made with Skimmed Milk),ğŸ¥
Homemade Wholemeal Savory Pancakes (made with Whole Milk),ğŸ¥
Homemade Sweet Pancakes (made with Semi-skimmed Milk),ğŸ¥
Homemade Sweet Pancakes (made with Skimmed Milk),ğŸ¥
Homemade Sweet Pancakes (made with Whole Milk),ğŸ¥
Baked Pangasius Fillets,ğŸ›
Poached Pangasius Fillets,ğŸ›
Raw Pangasius Fillets,ğŸŸ
Raw Parrot Fish,ğŸŸ
Roasted Partridge,ğŸ›
Roasted Partridge (Weighed with Bone),ğŸ›
Homemade Pasta with Ham and Mushroom Sauce,ğŸ
Homemade Pasta with Meat and Tomato Sauce,ğŸ
Cheese and Tomato Filled Egg Pasta,ğŸ
Cheese Filled Egg Pasta,ğŸ
Green Vegetable/Herb and Cheese Filled Egg Pasta,ğŸ
Meat Filled Egg Pasta,ğŸ
Mushroom Filled Egg Pasta,ğŸ
Raw Fresh Egg Pasta,ğŸ
Raw White Dried Egg Pasta,ğŸ
Fresh White Egg Tagliatelle,ğŸ³
Canned Ravioli (Meat Filling in Tomato Sauce),ğŸ…
Pastichio,ğŸ›
Chocolate Ã‰clairs,ğŸ«
Homemade Chocolate Ã‰clairs,ğŸ«
Cream-filled Pastries,ğŸ›
Homemade Shortcrust Cheese Pastry,ğŸ¥
Liver PÃ¢tÃ©,ğŸ›
Reduced Fat Meat PÃ¢tÃ©,ğŸ¥©
Tuna PÃ¢tÃ©,ğŸŸ
Toffee/Chocolate Pavlova,ğŸ«
Pavlova with Fruit and Cream,ğŸ
Smooth Peanut Butter,ğŸ¥œ
"Peanuts, Raisins, and Chocolate Chips",ğŸŸ
Homemade Peppermint Creams,ğŸŒ¶ï¸
Homemade Stuffed Green Peppers with Cheese,ğŸŒ¶ï¸
"Homemade Stuffed Peppers (Beef, Rice, and Vegetables)",ğŸš
Roasted Pheasant,ğŸ›
Roasted Pheasant (Weighed with Bone),ğŸ›
Beef Pie,ğŸ¥§
Individual Beef Pie,ğŸ¥§
Homemade Cheese and Potato Pie,ğŸ¥”
Homemade Single Crust Chicken and Mushroom Pie,ğŸ¥§
Baked Individual Chicken Pie,ğŸ¥§
Homemade Cottage Pie,ğŸ¥§
Reheated Cottage/Shepherdâ€™s Pie,ğŸ¥§
Homemade Fish Pie (White Fish),ğŸ¥§
Baked Retail Fish Pie (White Fish),ğŸ¥§
Homemade Game Pie,ğŸ¥§
Homemade Lentil and Cheese Pie,ğŸ¥§
Homemade Double Crust Steak and Kidney Pie,ğŸ¥§
Homemade Single Crust Steak and Kidney Pie,ğŸ¥§
Homemade Single Crust Turkey Pie,ğŸ¥§
Roasted Pigeon,ğŸ“
Roasted Pigeon (Weighed with Bone),ğŸ“
Homemade Egg and Potato Pilau (Brown Rice),ğŸ¥”
Homemade Egg and Potato Pilau,ğŸ¥”
Homemade Prawn Pilau,ğŸ¤
Retail Cheese and Tomato Pizza,ğŸ•
Retail Chicken Topped Pizza,ğŸ•
Takeaway Fish Topped Pizza,ğŸ•
Retail Ham and Pineapple Pizza,ğŸ•
Retail/Takeaway Meat Topped Pizza,ğŸ•
Baked Plaice Fillets,ğŸŸ
Raw Plaice Fillets,ğŸŸ
Steamed Plaice Fillets,ğŸŸ
Steamed Plaice Fillets (Weighed with Bones and Skin),ğŸŸ
Battered Plaice (Fried in Blended Oil),ğŸŸ
Battered Plaice (Fried in Retail Blend Oil),ğŸŸ
Battered Plaice (Fried in Sunflower Oil),ğŸŸ
Baked Plaice in Breadcrumbs,ğŸŸ
Raw Alaskan Pollock Fillets,ğŸŸ
Steamed Alaskan Pollock Fillets,ğŸŸ
Homemade Pork Chops in Mustard and Cream,ğŸ¥“
Homemade Pork Chops in Mustard and Cream (Weighed with Bone),ğŸ¥“
Individual Pork Pie,ğŸ¥§
Pork Scratchings,ğŸ¥“
Roasted Pork Belly,ğŸ¥“
Grilled Pork Belly Slices,ğŸ¥“
Raw Pork Belly Slices,ğŸ¥“
Raw Pork Belly Slices with Bone,ğŸ¥“
Cooked Pork Crackling,ğŸ¥“
Casseroled Diced Pork (Lean),ğŸ¥“
Casseroled Diced Pork,ğŸ¥“
Grilled Pork Kebabs (Lean),ğŸŒ¯
Grilled Pork Kebabs,ğŸŒ¯
Raw Diced Pork (Lean),ğŸ¥“
Raw Diced Pork,ğŸ¥“
Cooked Pork Fat,ğŸ¥“
Raw Pork Fat,ğŸ¥“
Grilled Pork Fillet Medallions (Lean),ğŸ¥“
Grilled Pork Fillet Medallions,ğŸ¥“
Raw Pork Fillet Medallions (Lean),ğŸ¥“
Raw Pork Fillet Medallions,ğŸ¥“
Stir-fried Pork Fillet Strips in Rapeseed Oil,ğŸ¥“
Raw Pork Shoulder Joint (Lean),ğŸ¥“
Raw Pork Shoulder Joint,ğŸ¥“
Roasted Pork Shoulder Joint (Lean),ğŸ¥“
Roasted Pork Shoulder Joint,ğŸ¥“
Raw Pork,ğŸ¥“
Raw Pork Leg Joint (Lean),ğŸ–
Raw Pork Leg Joint,ğŸ–
Trimmed Raw Pork Leg Joint,ğŸ–
Roasted Pork Leg Joint,ğŸ–
Trimmed Roasted Pork Leg Joint,ğŸ–
Roasted Pork Leg Joint,ğŸ–
Grilled Pork Loin Chops (Lean),ğŸ¥“
Grilled Pork Loin Chops,ğŸ¥“
Raw Pork Loin Chops,ğŸ¥“
Raw Pork Loin Chops with Bone,ğŸ¥“
Roasted Pork Loin Chops (Lean),ğŸ¥“
Roasted Pork Loin Chops,ğŸ¥“
Roasted Pork Loin Chops with Bone,ğŸ¥“
Raw Pork Loin Medallions (Lean),ğŸ¥“
Raw Pork Loin Medallions,ğŸ¥“
Trimmed Raw Pork Loin Medallions,ğŸ¥“
Pork Loin Steaks Fried in Rapeseed Oil (Lean),ğŸ¥“
Pork Loin Steaks Fried in Rapeseed Oil,ğŸ¥“
Grilled Pork Loin Steaks (Lean),ğŸ¥“
Grilled Pork Loin Steaks,ğŸ¥“
Trimmed Grilled Pork Loin Steaks,ğŸ¥“
Raw Pork Loin Steaks (Lean),ğŸ¥“
Raw Pork Loin Steaks,ğŸ¥“
Trimmed Raw Pork Loin Steaks,ğŸ¥“
Stewed Pork Loin Steaks (Lean),ğŸ¥“
Stewed Pork Loin Steaks,ğŸ¥“
Raw Pork Mince,ğŸ¥“
Stewed Pork Mince,ğŸ¥“
Braised Pork Shoulder Chops (Lean),ğŸ¥“
Braised Pork Shoulder Chops,ğŸ¥“
Braised Pork Shoulder Chops with Bone,ğŸ¥“
Raw Pork Shoulder Chops,ğŸ¥“
Raw Pork Shoulder Chops with Bone,ğŸ¥“
Pot-roasted Pork Shoulder Joint (Lean),ğŸ²
Pot-roasted Pork Shoulder Joint,ğŸ²
Raw Pork Shoulder Joint,ğŸ¥“
Raw Pork Shoulder Joint with Bone,ğŸ¥“
Grilled Pork Shoulder Steaks,ğŸ¥“
Grilled Pork Shoulder Steaks with Bone,ğŸ¥“
Raw Pork Shoulder Steaks,ğŸ¥“
Raw Pork Shoulder Steaks with Bone,ğŸ¥“
Homemade Barbecue Pork Spare Ribs,ğŸ¥“
Homemade Barbecue Pork Spare Ribs with Bone,ğŸ¥“
Barbecue Pork Spare Ribs with Bone,ğŸ¥“
Barbecue Pork Spare Ribs,ğŸ¥“
Chinese Barbecue Pork Spare Ribs,ğŸ¥“
Homemade Pork Spare Ribs in Black Bean Sauce,ğŸ¥“
Homemade Pork Spare Ribs in Black Bean Sauce (with Bone),ğŸ¥“
Raw Pork Spare Ribs,ğŸ¥“
Homemade Stir-fried Pork with Vegetables,ğŸ¥“
Homemade Sweet and Sour Pork,ğŸ¥“
Sweet and Sour Pork with Cook-in Sauce,ğŸ¥“
Pork Trotters and Tails,ğŸ¥“
Cooked Porridge Oats,ğŸŒ¾
Porridge with Milk and Water,ğŸ¥›
Porridge with Whole Milk,ğŸ¥›
Fried Potato Chips with Beef Dripping,ğŸŸ
Instant Potato Powder (made with Semi-skimmed Milk),ğŸ¥”
Instant Potato Powder (made with Skimmed Milk),ğŸ¥”
Instant Potato Powder (made with Whole Milk),ğŸ¥”
Fried Potatoes with Onions and Eggs,ğŸ¥”
Mashed Potatoes with Butter,ğŸ¥”
Raw Poussin,ğŸ›
Raw Poussin with Bone,ğŸ›
Takeaway Prawn Crackers,ğŸ¤
Grilled King Prawns,ğŸ¤
Cooked King Prawns,ğŸ¤
Cooked King Prawns with Shells,ğŸ¤
Raw King Prawns,ğŸ¤
Dried Standard Prawns,ğŸ¤
Cooked Standard Prawns,ğŸ¤
Homemade Bread and Butter Pudding,ğŸ
Homemade Rice Pudding (made with Semi-skimmed Milk),ğŸš
Homemade Rice Pudding (made with Skimmed Milk),ğŸš
Homemade Rice Pudding (made with Whole Milk),ğŸš
Homemade Cheese and Egg Quiche,ğŸ¥§
Homemade Cheese and Egg Wholemeal Quiche,ğŸ¥§
Homemade Quiche Lorraine,ğŸ¥§
Retail Shortcrust Pastry Quiche Lorraine,ğŸ¥§
Homemade Wholemeal Pastry Quiche Lorraine,ğŸ¥§
Raw Rabbit Meat,ğŸ¥©
Stewed Rabbit Meat,ğŸ¥©
Stewed Rabbit Meat with Bone,ğŸ¥©
Fried Red Snapper Fillets (Blended Oil),ğŸŸ
Fried Red Snapper Fillets with Bone (Blended Oil),ğŸŸ
Fried Red Snapper Fillets (Sunflower Oil),ğŸŸ
Fried Red Snapper Fillets with Bone (Sunflower Oil),ğŸŸ
Raw Red Snapper Fillets,ğŸŸ
Raw Redfish,ğŸŸ
Reheated Egg Fried Rice,ğŸš
Takeaway Egg Fried Rice,ğŸš
"Cooked Savory Rice (Chicken, Beef, Mushroom, Vegetable)",ğŸš
"Uncooked Savory Rice (Chicken, Beef, Mushroom, Vegetable)",ğŸš
Homemade Chicken Risotto,ğŸ—
Rock Salmon/Dogfish Fried in Batter (Blended Oil),ğŸŸ
Rock Salmon/Dogfish Fried in Batter with Bone (Blended Oil),ğŸŸ
Rock Salmon/Dogfish Fried in Batter (Dripping),ğŸŸ
Rock Salmon/Dogfish Fried in Batter with Bone (Dripping),ğŸŸ
Rock Salmon/Dogfish Fried in Batter (Retail Blend Oil),ğŸŸ
Rock Salmon/Dogfish Fried in Batter with Bone (Retail Blend Oil),ğŸŸ
Rock Salmon/Dogfish Fried in Batter (Sunflower Oil),ğŸŸ
Rock Salmon/Dogfish Fried in Batter with Bone (Sunflower Oil),ğŸŸ
Raw Rock Salmon/Dogfish,ğŸŸ
Fried Cod Roe in Batter,ğŸŸ
Raw Cod Roe,ğŸŸ
Raw Herring Roe,ğŸŸ
Raw Rohu,ğŸ›
Salad Cream,ğŸ¥—
Reduced-fat Salad Cream,ğŸ¥—
Salami,ğŸ–
Salami Snack,ğŸ–
Homemade Salmis of Pheasant,ğŸ›
Retail Salmon en Croute,ğŸŸ
Baked Farmed Salmon Fillets,ğŸŸ
Grilled Farmed Salmon Fillets,ğŸŸ
Grilled Farmed Salmon Fillets with Bone and Skin,ğŸŸ
Raw Farmed Salmon Fillets,ğŸŸ
Steamed Farmed Salmon Fillets,ğŸŸ
Steamed Farmed Salmon Fillets with Bone and Skin,ğŸŸ
Canned Pink Salmon,ğŸ¥«
Canned Red Salmon,ğŸ¥«
Skinless Boneless Canned Red Salmon,ğŸ¥«
Cold-smoked Salmon,ğŸŸ
Hot-smoked Salmon,ğŸŸ
Baked Wild Salmon Fillets,ğŸŸ
Raw Wild Salmon Fillets,ğŸŸ
Grilled Wild Salmon Fillets,ğŸŸ
Steamed Wild Salmon Fillets,ğŸŸ
Steamed Salted Chinese Fish (Bones Removed),ğŸŸ
Homemade Baked Lamb Samosas,ğŸ–
Homemade Deep-fried Lamb Samosas,ğŸ–
White Bread BLT Sandwich,ğŸ¥ª
White Bread Cheddar and Pickle Sandwich,ğŸ¥ª
White Bread Chicken Salad Sandwich,ğŸ¥ª
White Bread Egg Mayonnaise Sandwich,ğŸ¥ª
White Bread Tuna Mayonnaise Sandwich,ğŸ¥ª
Canned Sardines in Brine (Drained),ğŸ¥«
Canned Sardines in Olive Oil (Drained),ğŸ¥«
Canned Sardines in Sunflower Oil (Drained),ğŸ¥«
Canned Sardines in Tomato Sauce,ğŸ…
Grilled Sardine Fillets,ğŸŸ
Grilled Sardine Fillets with Skin and Bones,ğŸŸ
Raw Sardine Fillets,ğŸŸ
Dry Cheese Sauce Packet Mix,ğŸ§€
Homemade Curry Onion Sauce with Butter,ğŸ›
Four Cheese Pasta Sauce,ğŸ
Ready-to-eat Retail Flaky Sausage Roll,ğŸ¥§
Homemade Short Pastry Sausage Rolls,ğŸ¥§
Fried Beef Sausages,ğŸŒ­
Grilled Beef Sausages,ğŸŒ­
Raw Beef Sausages,ğŸŒ­
Fried Pork Sausages,ğŸŒ­
Grilled Pork Sausages,ğŸŒ­
Fried Frozen Pork Sausages,ğŸŒ­
Grilled Frozen Pork Sausages,ğŸŒ­
Raw Pork Sausages,ğŸŒ­
Fried Reduced-fat Pork Sausages,ğŸŒ­
Grilled Reduced-fat Pork Sausages,ğŸŒ­
Raw Reduced-fat Pork Sausages,ğŸŒ­
Fried Premium Sausages,ğŸŒ­
Grilled Premium Sausages,ğŸŒ­
Raw Premium Sausages,ğŸŒ­
Takeaway Saveloy (Unbattered),ğŸŒ­
Steamed Scallops,ğŸ«–
Baked Breaded Scampi,ğŸ
Fried Breaded Scampi,ğŸ
Fried Frozen Breaded Scampi,ğŸ
Homemade Cheese Scones,ğŸ§€
Retail Scotch Eggs,ğŸ³
Seafood Selection,ğŸŸ
Seafood Sticks,ğŸŸ
Takeaway Sesame Prawn Toast,ğŸ¤
Raw Shark,ğŸŸ
Homemade Shepherd's Pie,ğŸ¥§
Shish Kebab in Pitta with Salad,ğŸŒ¯
"Shish Kebab, Meat Only",ğŸŒ¯
Homemade Shish Kebabs with Onions and Peppers,ğŸŒ¯
Boiled Shrimps,ğŸ¤
Boiled Shrimps with Shells,ğŸ¤
Canned Shrimps,ğŸ¤
Dried Shrimps,ğŸ¤
Frozen Shrimps,ğŸ¤
Grilled Skate,ğŸŸ
Grilled Skate with Bones,ğŸŸ
Raw Skate,ğŸŸ
Grilled Sole Fillets with Skin,ğŸŸ
Dried Chicken Noodle Soup,ğŸœ
Prepared Chicken Noodle Soup,ğŸœ
Canned Cream of Chicken Soup,ğŸ—
Condensed Canned Cream of Chicken Soup,ğŸ—
Homemade Mulligatawny Soup,ğŸ›
Canned Oxtail Soup,ğŸ¥«
Homemade Pea and Ham Soup,ğŸ–
Homemade Spaghetti Bolognese,ğŸ
Spaghetti Bolognese (Meat and Sauce Only),ğŸ
Spaghetti Bolognese,ğŸ
Fried Sprats,ğŸ›
Fried Sprats with Bones,ğŸ›
Raw Sprats,ğŸ›
Takeaway Meat Spring Rolls,ğŸ¥©
Dried Squid,ğŸ¦‘
Raw Squid,ğŸ¦‘
Homemade Steak and Kidney Pudding,ğŸ¥©
Homemade Beef Stew,ğŸ¥©
Homemade Lean Beef Stew,ğŸ¥©
Homemade Beef Stew with Dumplings,ğŸ¥Ÿ
Homemade Irish Stew,ğŸ›
Homemade Lean Lamb Irish Stew,ğŸ–
Takeaway Stir-Fry Beef with Green Peppers and Black Bean Sauce,ğŸ¥©
Beef Stock Cubes,ğŸ¥©
Chicken Stock Cubes,ğŸ—
Chicken Stock,ğŸ—
Ready-made Chicken Stock,ğŸ—
Shredded Suet,ğŸ›
Reduced-Fat Vegetable Suet,ğŸ¥¦
Salmon Nigiri Sushi,ğŸ™
Tuna Nigiri Sushi,ğŸ™
Takeaway Sweet and Sour Chicken,ğŸ—
Takeaway Battered Sweet and Sour Pork,ğŸ¥“
Homemade Sweet and Sour Pork,ğŸ¥“
Fried Lamb Sweetbread,ğŸ–
Raw Lamb Sweetbread,ğŸ–
Grilled Swordfish,ğŸŸ
Grilled Swordfish with Bones and Skin,ğŸŸ
Raw Swordfish,ğŸŸ
Takeaway Szechuan Prawns with Vegetables,ğŸ¤
Taramasalata,ğŸ›
Homemade One-Crust Mincemeat Tart,ğŸ¥©
Tea with Semi-Skimmed Milk,ğŸ«–
Tea with Whole Milk,ğŸ«–
Raw Tilapia,ğŸŸ
Homemade Toad in the Hole,ğŸ›
Homemade Toad in the Hole (made with Skimmed Milk and Reduced-Fat Sausages),ğŸ–
Raw Lamb Tongue,ğŸ–
Raw Pickled Ox Tongue,ğŸ¥’
Stewed Pickled Ox Tongue,ğŸ¥’
Stewed Ox Tongue,ğŸ›
Stewed Sheep Tongue,ğŸ›
Homemade Stewed Tripe and Onions,ğŸ§…
Raw Dressed Tripe,ğŸ›
Stewed Dressed Tripe in Milk,ğŸ¥›
Raw Brown Trout,ğŸŸ
Steamed Brown Trout,ğŸŸ
Steamed Brown Trout with Bones,ğŸŸ
Baked Rainbow Trout Fillets with Bones and Skin,ğŸŸ
Baked Rainbow Trout Fillets,ğŸŸ
Raw Rainbow Trout,ğŸŸ
Canned Tuna in Brine (Drained),ğŸ¥«
Canned Tuna in Sunflower Oil (Drained),ğŸ¥«
Baked Tuna Fillets,ğŸŸ
Raw Tuna Fillets,ğŸŸ
Grilled Turbot,ğŸŸ
Grilled Turbot with Bones and Skin,ğŸŸ
Raw Turbot,ğŸŸ
Homemade Turkey and Pasta Bake,ğŸ
Turkey Slices,ğŸ—
Grilled Turkey Breast Fillet,ğŸ—
Raw Turkey Dark Meat,ğŸ—
Roasted Turkey Dark Meat,ğŸ—
Roasted Turkey Drumsticks,ğŸ—
Roasted Turkey Drumsticks with Bone,ğŸ—
Roasted Turkey Drumsticks (Meat Only),ğŸ—
Raw Turkey Light Meat,ğŸ—
Roasted Turkey Light Meat,ğŸ—
Raw Turkey Meat,ğŸ—
Roasted Turkey Meat,ğŸ—
Stewed Turkey Mince,ğŸ—
Roasted Turkey Light Meat,ğŸ—
Dry Roasted Turkey Skin,ğŸ—
Moist Roasted Turkey Skin,ğŸ—
Raw Turkey Skin,ğŸ—
Homemade Stir-Fried Turkey with Vegetables,ğŸ—
Stir-Fried Turkey Strips,ğŸ—
Casseroled Turkey Thighs,ğŸ—
Whole Raw Turkey,ğŸ—
Whole Raw Turkey with Bone,ğŸ—
Whole Roasted Turkey,ğŸ—
Whole Roasted Turkey with Bone,ğŸ—
Fried Veal Escalope,ğŸ–
Raw Veal Escalope,ğŸ–
Raw Veal Mince,ğŸ–
Stewed Veal Mince,ğŸ–
Baked/Grilled Vegetable and Cheese Burger,ğŸ”
Homemade Venison in Red Wine and Port,ğŸ–
Raw Venison,ğŸ–
Roasted Venison,ğŸ–
Plain Ice Cream Wafers,ğŸ¦
Homemade Welsh Cheesecakes,ğŸ°
Boiled Whelks,ğŸ›
Boiled Whelks with Shells,ğŸ›
Dried Salted White Fish,ğŸŸ
Homemade Savory White Sauce (Semi-skimmed Milk),ğŸ¥›
Homemade Savory White Sauce (Skimmed Milk),ğŸ¥›
Homemade Savory White Sauce (Whole Milk),ğŸ¥›
Homemade Sweet White Sauce (Semi-skimmed Milk),ğŸ¥›
Homemade Sweet White Sauce (Skimmed Milk),ğŸ¥›
Homemade Sweet White Sauce (Whole Milk),ğŸ¥›
Fried Whitebait,ğŸŸ
Raw Whiting Fillets,ğŸŸ
Steamed Whiting Fillets,ğŸŸ
Steamed Whiting Fillets with Bones and Skin,ğŸŸ
Fried Whiting in Crumbs (Blended Oil),ğŸŸ
Fried Whiting in Crumbs with Bones and Skin (Blended Oil),ğŸŸ
Fried Whiting in Crumbs (Dripping),ğŸŸ
Fried Whiting in Crumbs with Bones and Skin (Dripping),ğŸŸ
Fried Whiting in Crumbs (Sunflower Oil),ğŸŸ
Fried Whiting in Crumbs with Bones and Skin (Sunflower Oil),ğŸŸ
Homemade Wiener Schnitzel,ğŸ›
Boiled Winkles,ğŸ›
Boiled Winkles with Shells,ğŸ›
Whole Milk Fruit Yogurt,ğŸ
Whole Milk Infant Yogurt (Fruit Flavored),ğŸ
Plain Whole Milk Yogurt,ğŸ¥›
Whole Milk Twin Pot Yogurt (Not Fruit),ğŸ²
Thick and Creamy Whole Milk Twin Pot Yogurt (Fruit),ğŸ²
Homemade Yorkshire Pudding (Semi-skimmed Milk),ğŸ¥
Homemade Yorkshire Pudding (Skimmed Milk),ğŸ¥
Yorkshire Pudding (Whole Milk),ğŸ¥
